ticker,year,quarter,AssetQualityComponent.ProblemLoansAndLeasesCalculatedAsPercentageOfGrossLoans,AssetQualityComponent.LoanLossReservesToNPLs,LiquidityAndAssetsComponent.LDRPercentage,ProfitabilityComponent.NIM,GrowthComponent.AverageLoansGrowthPercentageYoY,GrowthComponent.AverageDepositGrowthPercentageYoY,GrowthComponent.InterestincomeGrowthPercentageYoY,NetInterestIncome,AttributeToParentCompany,SolvencyRatio.LiabilitiesToEquityRatio,ProfitabilityRatio.EBITMargin,ProfitabilityRatio.ROA,ProfitabilityRatio.ROE,ProfitabilityRatio.ROIC,ValuationRatios.BookValuePerShare,ValuationRatios.BasicEPS,ValuationRatios.PriceToBook,ValuationRatios.PriceToEarning,Growth.NetRevenueGrowthYoY,Growth.EBTgrowthYoY,Revenue,EBIT
ACB,2025,,0.01256726,0.76329945,0.81971287,0.03183744,0.15411582,0.10887541,0.02554416,18944792000000.0,9602746000000.0,,,,,,,,,,,,,
ACB,2025,,0.01094801,0.84022344,0.85933766,0.03023984,0.20936714,0.1150216,-0.00412209,23533529000000.0,13688193000000.0,,,,,,,,,,,,,
ACB,2025,,0.00971405,1.14290012,0.81779776,0.0291549,0.18330262,0.08910327,-0.03198476,24959570000000.0,16044733000000.0,,,,,,,,,,,,,
ACB,2025,,0.00971405,1.14290012,0.81779776,0.0291549,0.18330262,0.08910327,-0.03198476,27794702000000.0,16789768000000.0,,,,,,,,,,,,,
ACB,2026,,0.00967046,1.13967133,0.84030121,0.02863557,0.18361812,0.03403968,0.00378911,26905695000000.0,15624699000000.0,,,,,,,,,,,,,
ANV,2025,,,,,,,,,,128739197732.0,0.57895088,0.11233677,0.10096434,0.16818559,0.12272109,12230.67302255,1248.04444625,2.50190647,24.51835757,0.25238165,13.4762684,3504425921790.0,215882472374.0
ANV,2025,,,,,,,,,,673745234347.0,0.59061403,0.14505685,0.14786536,0.24049118,0.17037667,13280.78441838,1061.53848551,2.01795309,25.24637624,0.32869898,11.62101449,4934505844469.0,863128081422.0
ANV,2025,,,,,,,,,,39191645110.0,0.65152603,0.1686557,0.18704579,0.31611227,0.21528631,,,,,0.41542085,13.67630986,4461787494846.0,183317623157.0
ANV,2025,,,,,,,,,,47832173647.0,0.65152603,0.1686557,0.18704579,0.31611227,0.21528631,13225.71632241,3748.03027955,1.83732959,6.48340547,0.41542085,13.67630986,4939111900770.0,194233808433.0
ANV,2026,,,,,,,,,,999477864573.0,0.62957426,0.16350713,0.18750076,0.30253528,0.2125275,13958.30590925,732.58958685,1.74089894,33.17000465,0.5368409,5.47487778,6992490669181.0,1172411501326.0
BCM,2025,,,,,,,,,,1450981675856.0,1.81784661,0.29830024,0.04270891,0.1252888,0.04284314,19273.08277953,346.15042347,3.53342539,196.7352786,-0.22516144,0.00888941,7117479718149.0,2001846051849.0
BCM,2025,,,,,,,,,,1700055767317.0,1.65137797,0.41034352,0.06308926,0.18191856,0.07105778,20419.89990448,1425.73665733,3.2664215,46.78283304,-0.01678427,0.4180937,6582062928055.0,1476607000503.0
BCM,2025,,,,,,,,,,2423168916542.0,1.63413161,0.3920854,0.06329941,0.18016738,0.06440862,20765.43172558,401.62652106,3.27948876,169.56051563,-0.07708955,0.37172489,8174569493181.0,2782588929463.0
BCM,2025,,,,,,,,,,2187091169310.0,1.60747304,0.34755739,0.05848374,0.16527487,0.05228403,,,,,0.32710468,0.46238018,5313486976247.0,1784638738349.0
BCM,2025,,,,,,,,,,3500888372407.0,1.60747304,0.34755739,0.05848374,0.16527487,0.05228403,22004.88925569,3382.50084291,2.46308897,16.02364715,0.32710468,0.46238018,6974526741121.0,2416571863870.0
BID,2025,,0.0189381,0.9684793,0.84506591,0.02222999,0.18029252,0.13959523,0.0479195,46823308000000.0,10540138000000.0,,,,,,,,,,,,,
BID,2025,,0.01979029,0.89094591,0.83444497,0.02130087,0.16074575,0.14824221,0.02690559,46823308000000.0,10540138000000.0,,,,,,,,,,,,,
BID,2025,,0.01874841,0.94530816,0.85028495,0.02078403,0.14784742,0.11392091,0.04386474,55959698000000.0,18085912000000.0,,,,,,,,,,,,,
BID,2025,,0.01473977,0.99910609,0.82744852,0.02114293,0.1585525,0.13814812,0.0911524,56135566000000.0,21504918000000.0,,,,,,,,,,,,,
BID,2025,,0.01473977,0.99910609,0.82744852,0.02114293,0.1585525,0.13814812,0.0911524,58007576000000.0,25140037000000.0,,,,,,,,,,,,,
BMP,2025,,,,,,,,,,214376817966.0,0.26032322,0.29154727,0.32783829,0.39808928,0.55785911,34175.39254814,4030.00912748,4.14040599,35.11158301,0.13539149,0.21088309,4564938031907.0,334933144675.0
BMP,2025,,,,,,,,,,694268766316.0,0.26130432,0.30108757,0.3343901,0.41193947,0.57440968,38458.03350366,4282.64095552,4.51141112,40.51238519,0.05161423,0.18320661,5824833255625.0,975390891497.0
BMP,2025,,,,,,,,,,1041006333282.0,0.17424261,0.3018161,0.37351385,0.44047346,0.54332244,,,,,0.19366585,0.24053028,5199922785685.0,1333249876542.0
BMP,2025,,,,,,,,,,990761729138.0,0.17424261,0.3018161,0.37351385,0.44047346,0.54332244,35150.56011426,15010.03046852,4.18201017,9.79345114,0.19366585,0.24053028,4678619413752.0,1313070115710.0
BMP,2026,,,,,,,,,,1228735173562.0,0.19931968,0.303216,0.33919247,0.41509721,0.56802428,38863.63825849,3713.07814423,3.78245596,39.58979431,0.11766802,0.14572782,5601791814179.0,1662879339994.0
BSI,2025,,,,,,,,,,356889768929.0,1.84633497,0.45034445,0.02826072,0.0675155,0.0493809,23385.04638701,456.82605632,1.84519625,94.45608324,0.03484315,-0.19591616,1333024979176.0,569363225084.0
BSI,2025,,,,,,,,,,112370678169.0,2.06657664,0.4865639,0.03571396,0.09396539,0.05989249,22142.31963083,878.64066947,1.80649547,45.52486743,0.35589372,0.2630583,1089005392430.0,312970521449.0
BSI,2025,,,,,,,,,,408259606627.0,2.0080464,0.47333018,0.03664548,0.09323566,0.06621268,,,,,0.48666026,0.19492506,1258998058599.0,641960234952.0
BSI,2025,,,,,,,,,,413071438156.0,2.0080464,0.47333018,0.03664548,0.09323566,0.06621268,22528.62734985,2011.95825095,1.58908927,17.79360977,0.48666026,0.19492506,1410672301781.0,678167451756.0
BSI,2026,,,,,,,,,,493666033520.0,2.23382777,0.4635615,0.03024917,0.0920216,0.06171117,22890.613434,361.98608415,1.56395983,98.89882945,0.75642247,0.42408387,2097190451600.0,992663527743.0
BSR,2025,,,,,,,,,,6715504313658.0,0.48842575,-0.00885927,-0.00058913,-0.00089253,0.0169145,18227.9678112,272.75092481,0.94360491,63.06119773,0.01319948,-0.9907026,101114077419627.0,6510998411127.0
BSR,2025,,,,,,,,,,14725833852993.0,0.45932455,0.00872136,0.02481145,0.03670488,0.02112875,18520.14020432,292.70947633,1.20949408,76.52639156,0.08476155,-0.26163934,167126456807653.0,14672662218865.0
BSR,2025,,,,,,,,,,8649771483353.0,0.40702175,0.03205303,0.06008885,0.08990018,0.07453914,,,,,0.15082117,7.15857573,147423365943576.0,8103929599421.0
BSR,2025,,,,,,,,,,631130749304.0,0.40702175,0.03205303,0.06008885,0.08990018,0.07453914,12078.56103483,968.44995653,2.06978298,25.81444692,0.15082117,7.15857573,123027063879559.0,-722372964988.0
BVH,2025,,,,,,,,,,1911694257420.0,9.53930108,-0.1901062,0.00901331,0.09718296,-0.26136147,31354.9081549,921.31109911,1.57072697,53.45642753,0.0093484,0.24473176,39999792780016.0,-5648920188450.0
BVH,2025,,,,,,,,,,1550994189019.0,9.64936745,-0.1837847,0.00964244,0.10532141,-0.243235,32048.67030335,895.22640792,1.57884865,56.52201449,0.02362138,0.34855776,42650508302256.0,-6196626596677.0
BVH,2025,,,,,,,,,,1805317054880.0,9.67822491,-0.18448073,0.01017669,0.11284106,-0.24168707,33015.35069739,1022.91291103,2.11416806,68.23650308,0.02318476,0.37985725,42667139949845.0,-8581413695556.0
BVH,2025,,,,,,,,,,2110496926600.0,10.45218766,-0.18682195,0.01044616,0.12059734,-0.22444971,,,,,0.02825178,0.33466106,42669681559583.0,-8040512078455.0
BVH,2025,,,,,,,,,,2836613711079.0,10.45218766,-0.18682195,0.01044616,0.12059734,-0.22444971,32938.73380889,3821.26730938,2.17980449,18.78957796,0.02825178,0.33466106,43728345353632.0,-7650032187447.0
BWE,2025,,,,,,,,,,748556163087.0,1.83809531,0.26034725,0.04504151,0.11769737,0.08737245,23177.33112329,670.97428416,2.04294445,70.56902346,0.12490457,-0.08656699,3135285985989.0,844514017829.0
BWE,2025,,,,,,,,,,742842206787.0,1.73538697,0.25741932,0.05423939,0.14730239,0.08880566,24531.1844362,1375.81484814,1.96076957,34.96109965,0.15488658,0.26139727,3483746674741.0,918911638376.0
BWE,2025,,,,,,,,,,674461285967.0,1.48471302,0.28762922,0.05765639,0.1591333,0.0922423,25915.19766517,1202.07402978,1.74800905,37.68486705,0.11464336,0.40290944,3525936181744.0,979678162243.0
BWE,2025,,,,,,,,,,638928762826.0,1.4085841,0.27798469,0.06753755,0.17518706,0.09238817,,,,,0.1474793,0.60412042,3958997823072.0,1050175761635.0
BWE,2025,,,,,,,,,,991038667809.0,1.4085841,0.27798469,0.06753755,0.17518706,0.09238817,27180.9372644,3990.13492481,1.58934917,10.82670156,0.1474793,0.60412042,4542868049098.0,1262847757946.0
CII,2025,,,,,,,,,,-332403202642.0,2.21429335,0.37978791,0.00043881,0.00236311,0.03733502,15204.47170794,32.98280753,1.15755419,533.61133627,-0.10692443,-0.49016433,2908693562956.0,266787744317.0
CII,2025,,,,,,,,,,695146941142.0,2.4254479,0.37569547,0.00104597,0.00535153,0.0385217,15036.35824758,52.42149797,1.66263663,476.90357903,-0.05417997,-0.57359096,5901690577210.0,805125936563.0
CII,2025,,,,,,,,,,178239051119.0,2.19200079,0.34443918,0.00116294,0.00554907,0.03728866,14255.7864078,17.69746864,1.29421131,1042.52197731,-0.04355431,-0.64866524,3195316563683.0,606762636864.0
CII,2025,,,,,,,,,,259680961017.0,2.13829152,0.367955,0.00334189,0.01659004,0.0315977,,,,,-0.02228569,-0.33406106,3182495930678.0,1039665880884.0
CII,2025,,,,,,,,,,124063136235.0,2.13829152,0.367955,0.00334189,0.01659004,0.0315977,14271.99407765,198.35806655,1.31376176,94.52602723,-0.02228569,-0.33406106,3063213441857.0,1089245251384.0
CMG,2025,,,,,,,,,,236396088069.0,1.09993084,0.05556647,0.045975,0.12452201,0.0828024,13829.48413996,378.38904487,2.85260098,104.25777526,0.11230833,0.08930566,5847653852577.0,325371040650.0
CMG,2025,,,,,,,,,,301226857578.0,1.07286703,0.05438641,0.04651324,0.1248074,0.08309963,14299.7397382,445.49585383,2.88816445,92.70568883,0.17050393,0.13084694,7608525903508.0,415516662388.0
CMG,2025,,,,,,,,,,324433723331.0,1.23840652,0.05887311,0.04854847,0.13068002,0.08753579,14459.12083042,424.93525794,2.56585448,87.30741756,0.13969175,0.24300804,7511889409464.0,376208516792.0
CMG,2025,,,,,,,,,,312150507785.0,1.51742069,0.0597071,0.04451061,0.13095825,0.07720026,,,,,0.14837886,0.31933307,7936684217718.0,415589932908.0
CMG,2025,,,,,,,,,,395431143236.0,1.51742069,0.0597071,0.04451061,0.13095825,0.07720026,15042.50000349,1867.14443433,1.84809706,14.88904634,0.14837886,0.31933307,9111140925785.0,543999793239.0
CTD,2025,,,,,,,,,,24007379559.0,1.99349638,0.01137966,0.01296372,0.03729887,0.02453573,84393.19151303,551.30149994,0.95979307,146.9250492,0.28665861,0.11185411,9077915407373.0,-241100470406.0
CTD,2025,,,,,,,,,,20712200279.0,2.30073515,0.01899764,0.01692322,0.05141514,0.04237439,86503.15944082,1944.69301113,1.15602714,51.42199793,0.1878269,0.41079915,14538688107336.0,-248024024367.0
CTD,2025,,,,,,,,,,187939139994.0,2.36664444,0.02035098,0.02306223,0.07381853,0.04635752,89355.41883313,2844.71927423,0.859489,26.99739152,0.27201367,0.94847535,16529943401912.0,27752955961.0
CTD,2025,,,,,,,,,,371375360821.0,2.6697927,0.02351763,0.02540086,0.08646266,0.05423636,,,,,0.34023168,1.07410072,22905861968473.0,250175232304.0
CTD,2025,,,,,,,,,,781318934289.0,2.6697927,0.02351763,0.02540086,0.08646266,0.05423636,90557.40819193,7539.26805689,0.96292509,11.56610951,0.34023168,1.07410072,30699102678167.0,721968991017.0
CTG,2025,,0.01553558,1.36815835,0.85128777,0.02757576,0.18776198,0.13557984,0.12794485,41788465000000.0,14088760000000.0,,,,,,,,,,,,,
CTG,2025,,0.01306419,1.34755072,0.84819413,0.0264632,0.20889351,0.1725676,0.08655135,47791955000000.0,16923725000000.0,,,,,,,,,,,,,
CTG,2025,,0.0109127,1.76482681,0.8486917,0.02570233,0.24357984,0.17050472,0.06829642,52957478000000.0,19903550000000.0,,,,,,,,,,,,,
CTG,2025,,0.0110006,1.58833974,0.84157277,0.02621473,0.16149851,0.11667399,0.06490817,62402794000000.0,25348215000000.0,,,,,,,,,,,,,
CTG,2025,,0.0110006,1.58833974,0.84157277,0.02621473,0.16149851,0.11667399,0.06490817,66453245000000.0,34604481000000.0,,,,,,,,,,,,,
CTR,2025,,,,,,,,,,375253099591.0,2.8429512,0.05675628,0.07686133,0.29256955,0.19674268,17534.18992333,1063.99161588,5.62900256,92.76388886,0.09862202,0.04342076,7446888026068.0,467468727765.0
CTR,2025,,,,,,,,,,455155190939.0,2.91118601,0.05574126,0.07690648,0.29859513,0.20134694,17421.87412544,1269.56874804,5.22331865,71.67788286,0.08932326,0.06327302,9466997451987.0,567493394022.0
CTR,2025,,,,,,,,,,524597395205.0,2.60531397,0.0556885,0.07720482,0.29247814,0.20985546,18872.37577215,1476.93121482,5.08679994,64.99964185,0.09440766,0.10686449,11370408272724.0,653999016776.0
CTR,2025,,,,,,,,,,538221178258.0,2.95977112,0.05267941,0.07843642,0.30502574,0.22593901,,,,,0.10547568,0.10958062,12609519560081.0,715622453279.0
CTR,2025,,,,,,,,,,599717125636.0,2.95977112,0.05267941,0.07843642,0.30502574,0.22593901,18071.9532647,5242.92972943,4.82515635,16.63192232,0.10547568,0.10958062,13939517269142.0,734325527620.0
CTS,2025,,,,,,,,,,386503773570.0,3.20451973,0.53320814,0.04108468,0.16821521,0.07053802,11801.04460508,826.2519652,3.80474793,54.34177695,0.2692065,0.78859086,1064553362036.0,633847692181.0
CTS,2025,,,,,,,,,,71067936264.0,3.05728362,0.59477424,0.06053285,0.24586862,0.09155113,13205.30169284,1271.85996134,2.56336438,26.61456531,0.51128851,1.79351315,872155112633.0,306096717085.0
CTS,2025,,,,,,,,,,187400978164.0,3.3463405,0.51821475,0.0547043,0.22605034,0.09320708,,,,,1.03036913,1.48668729,1144231385757.0,567030861493.0
CTS,2025,,,,,,,,,,231086774298.0,3.3463405,0.51821475,0.0547043,0.22605034,0.09320708,13425.12686975,2714.57168773,1.96646186,9.72529115,1.03036913,1.48668729,1032246753412.0,537652142900.0
CTS,2026,,,,,,,,,,577371584960.0,3.59420429,0.55563507,0.04503843,0.19393406,0.08294204,13666.40824231,309.57120857,1.93174384,85.27924842,0.69021625,1.24656896,2095841946317.0,1086096218935.0
DBC,2025,,,,,,,,,,829557934446.0,0.99201566,0.10857632,0.08616244,0.18965578,0.12043268,21613.40618378,1518.69533167,1.6633195,23.67163397,0.15614606,1.54137162,10961929700091.0,1103242001564.0
DBC,2025,,,,,,,,,,5194587097.0,0.92337655,0.12819342,0.10957405,0.22294818,0.14586907,22638.70634571,1514.84334942,1.18160462,17.65859157,0.23852868,4.66699566,11687827152346.0,212845235254.0
DBC,2025,,,,,,,,,,25007194215.0,0.96476259,0.11820778,0.1088862,0.21659184,0.1422292,20577.07966119,891.10229224,1.37288675,31.70230875,0.26284861,1.83089391,11241164150311.0,325445155066.0
DBC,2025,,,,,,,,,,769083752455.0,0.9799989,0.12007108,0.10012316,0.20316303,0.13001199,,,,,0.09755369,0.9004698,13739362734289.0,1072626553454.0
DBC,2025,,,,,,,,,,1506767998626.0,0.9799989,0.12007108,0.10012316,0.20316303,0.13001199,20963.13708178,3915.03896758,1.09000861,5.83646809,0.09755369,0.9004698,15109273137980.0,1788779442216.0
DCM,2025,,,,,,,,,,1823459057715.0,0.59846205,0.08035869,0.09156997,0.14739159,0.11563208,19893.70292079,1484.93316553,1.98555292,26.60052379,0.11950548,0.16063259,10088157082401.0,1832043933853.0
DCM,2025,,,,,,,,,,4315953289589.0,0.73821506,0.09595495,0.10245069,0.16554308,0.15068355,19299.88961739,1484.93316553,1.78239361,23.16602578,0.23580225,0.13884275,16380039770909.0,4352540309563.0
DCM,2025,,,,,,,,,,1108892825082.0,0.56387515,0.10470614,0.11317713,0.18294139,0.16140019,19871.28498955,618.97952007,1.86198326,59.77580647,0.2997201,0.26875251,12949489162606.0,682611334524.0
DCM,2025,,,,,,,,,,1419657938042.0,0.64287913,0.10884199,0.11477459,0.1836871,0.17224305,,,,,0.26049348,0.41698174,13942548247107.0,1018067452952.0
DCM,2025,,,,,,,,,,1959812434496.0,0.64287913,0.10884199,0.11477459,0.1836871,0.17224305,20330.3997993,3701.95019739,2.04865622,11.25082667,0.26049348,0.41698174,17223063258575.0,1904735201737.0
DGC,2025,,,,,,,,,,2388150970624.0,0.15379603,0.29536339,0.19531396,0.23077306,0.18800885,36820.80197939,2131.06648599,2.77288909,47.91028373,0.06641958,0.0672332,9550582124429.0,2541936354818.0
DGC,2025,,,,,,,,,,5565005078678.0,0.19717909,0.28696698,0.1860894,0.22209738,0.18023182,39041.38095156,2217.7283901,2.33086017,41.03297789,0.09649252,0.06820707,14444995604730.0,5998137703428.0
DGC,2025,,,,,,,,,,3110379605233.0,0.21319521,0.28546732,0.18011589,0.21822758,0.17388193,41020.53087238,1979.14992156,1.67233331,34.66134589,0.11224824,0.11893873,9761057850158.0,2855966972379.0
DGC,2025,,,,,,,,,,2986646667039.0,0.26899378,0.26622434,0.17104068,0.21289878,0.17467876,,,,,0.14161494,0.06038931,9870655430211.0,2831711618698.0
DGC,2025,,,,,,,,,,3024975472108.0,0.26899378,0.26622434,0.17104068,0.21289878,0.17467876,39652.17470529,7965.08810148,1.34418857,6.6917025,0.14161494,0.06038931,11266651695024.0,2998217718723.0
DGW,2025,,,,,,,,,,654372803966.0,1.51598077,0.02663078,0.05792281,0.15706331,0.10742155,14043.16904226,482.96183491,3.06198693,89.03395029,0.13962934,0.21494176,21302662313033.0,686007336016.0
DGW,2025,,,,,,,,,,683783287082.0,1.67255012,0.02303868,0.05944087,0.16191604,0.09796854,14072.24434776,527.77012678,2.77496603,73.9905463,0.1521536,0.25195537,22107364604910.0,804870226273.0
DGW,2025,,,,,,,,,,354392478066.0,1.80044853,0.02513903,0.06235536,0.17056962,0.10632976,14831.13677168,758.89242392,2.96673146,57.97923212,0.16296335,0.30724031,18867240821638.0,417219600328.0
DGW,2025,,,,,,,,,,443877018277.0,2.2425596,0.02696616,0.0554016,0.17088051,0.13261522,,,,,0.20620265,0.2111591,22561138071715.0,526517228407.0
DGW,2025,,,,,,,,,,547331236542.0,2.2425596,0.02696616,0.0554016,0.17088051,0.13261522,15506.8756542,2473.02918218,2.86969477,17.99412652,0.20620265,0.2111591,27242826032601.0,718150392936.0
DIG,2025,,,,,,,,,,986154280785.0,1.36892454,0.09794151,0.01058243,0.02535062,0.00957719,12703.6671327,-57.97060223,1.70816818,-374.32766204,0.52269629,41.44067197,2585736268742.0,487816438095.0
DIG,2025,,,,,,,,,,144128258788.0,1.35631627,0.08299402,0.00733188,0.01759245,0.00594015,12086.068721,103.21644213,1.7334007,202.97153794,-0.30661524,0.2408152,1930222593732.0,356434121039.0
DIG,2025,,,,,,,,,,118727079683.0,1.31094908,0.17151681,0.01808534,0.04350473,0.02623527,12381.73990691,327.1102771,1.2922255,48.91316819,0.96751354,3.48427895,1039100785050.0,47702424086.0
DIG,2025,,,,,,,,,,114535926550.0,0.89111939,0.17905365,0.03447878,0.07276068,0.0618691,,,,,2.62618837,4.21385541,1531489886037.0,74276453280.0
DIG,2025,,,,,,,,,,646459231632.0,0.89111939,0.17905365,0.03447878,0.07276068,0.0618691,12522.76379261,811.69502016,1.14192044,17.61745439,2.62618837,4.21385541,4789105206000.0,844715524600.0
DPM,2025,,,,,,,,,,3117133794101.0,0.53217619,0.02130764,0.02865924,0.04247726,0.01871289,28630.66753797,523.59537209,1.38313226,75.63092058,0.05119015,-0.16205645,12881680840632.0,3542802203410.0
DPM,2025,,,,,,,,,,5564877377993.0,0.58206501,0.0345316,0.03740894,0.05812242,0.03112771,29457.55145818,1029.39033428,0.80115281,22.92619157,0.13064963,0.10160546,18744713575383.0,6304233833083.0
DPM,2025,,,,,,,,,,519466561842.0,0.65916926,0.05265912,0.0462,0.07345386,0.04604219,16391.92997177,347.63879197,1.45803454,68.74951977,0.18959765,0.40248481,13719510012331.0,300947926386.0
DPM,2025,,,,,,,,,,537763664155.0,0.54140665,0.06094438,0.06252749,0.09601933,0.05811607,,,,,0.22734168,1.02078694,13657031176628.0,358111867999.0
DPM,2025,,,,,,,,,,1073241128259.0,0.54140665,0.06094438,0.06252749,0.09601933,0.05811607,16694.7223825,1578.31722108,1.58433302,16.75835481,0.22734168,1.02078694,16820114094194.0,1009505689058.0
DSE,2025,,,,,,,,,,54469549309.0,2.26326184,0.31935122,0.0248388,0.07157218,0.02867663,12630.35461365,402.49236875,1.90810161,59.87691164,0.59652051,0.20001244,180690909115.0,65226095685.0
DSE,2025,,,,,,,,,,77762818412.0,2.51884383,0.27387012,0.02114561,0.06541656,0.02676498,,,,,0.8056609,0.49548484,452087667139.0,110453366589.0
DSE,2025,,,,,,,,,,228984261606.0,2.51884383,0.27387012,0.02114561,0.06541656,0.02676498,12557.880359,795.47468371,1.88726117,29.79353144,0.8056609,0.49548484,714513630828.0,286196282373.0
DSE,2026,,,,,,,,,,181770625492.0,1.90365875,0.23307528,0.01630015,0.0509683,0.0223294,12512.42961433,26.44870768,1.89411655,896.07402701,0.85164959,0.39606909,807411969647.0,236024917992.0
DSE,2026,,,,,,,,,,272529626638.0,1.90365875,0.23307528,0.01630015,0.0509683,0.0223294,12512.42961433,649.57060877,1.89411655,36.48564094,0.85164959,0.39606909,1457912226141.0,399278595826.0
DXG,2025,,,,,,,,,,1157260328331.0,0.97045611,0.25137992,0.00905132,0.0247525,0.03555655,14114.71699941,55.4162072,1.36736712,348.27356427,0.05991278,0.09509022,10131420687101.0,2712677443644.0
DXG,2025,,,,,,,,,,214869190226.0,0.70781607,0.26982954,0.0103719,0.02803346,0.04149808,12151.26648883,79.72830676,1.74467411,265.90305077,-0.11257276,0.42477568,5555817962463.0,830223069239.0
DXG,2025,,,,,,,,,,171983289231.0,0.85781326,0.26600275,0.01177242,0.03218534,0.04303987,12233.85986251,90.95840773,1.25880141,169.30815286,-0.06187501,0.70662013,3724825944342.0,733846616689.0
DXG,2025,,,,,,,,,,255935001805.0,0.82040329,0.208108,0.00687167,0.0186976,0.03347551,,,,,-0.12586586,-0.00799344,4795471317826.0,1140303213282.0
DXG,2025,,,,,,,,,,230881012655.0,0.82040329,0.208108,0.00687167,0.0186976,0.03347551,12771.5628612,203.08496516,1.1666544,73.36830665,-0.12586586,-0.00799344,4490024427662.0,872364842844.0
DXS,2024,,,,,,,,,,538795531509.0,0.81190125,0.18233723,0.00921657,0.02368499,,10382.04025571,581.00625025,0.68483649,12.23738987,0.22052739,5.29148358,4370953925441.0,1265751686842.0
DXS,2025,,,,,,,,,,344529067642.0,0.84440452,0.17468779,0.0097523,0.02494699,0.03077938,10451.21112484,69.17086914,1.04772546,158.3036347,0.10646361,9.34493077,4140392579342.0,728884929507.0
DXS,2025,,,,,,,,,,-168120092464.0,0.81067343,0.2410463,0.02124127,0.05392219,0.04979062,10819.98906581,373.22052563,1.02587904,29.74112954,0.20461145,3.62747316,1997404377548.0,106464110254.0
DXS,2025,,,,,,,,,,140670849757.0,0.95839575,0.23984428,0.02345544,0.06005612,0.05266844,10934.89211207,4.56711852,0.65021218,1556.78026941,0.28980474,3.22153339,2609745694557.0,444517511846.0
DXS,2025,,,,,,,,,,351512195294.0,0.90690847,0.16997559,0.0220307,0.0568929,0.05039587,,,,,0.62694125,0.94052768,3966804027163.0,674173914059.0
EIB,2025,,0.02585283,0.38679362,0.85741309,0.02646348,0.22743267,0.09398779,0.25460419,3524302000000.0,965437000000.0,,,,,,,,,,,,,
EIB,2025,,0.02664533,0.41171745,0.83865831,0.025066,0.20709319,0.0876673,0.14445541,5591971000000.0,2945752000000.0,,,,,,,,,,,,,
EIB,2025,,0.02990309,0.34702521,0.83972047,0.02397243,0.13477334,0.0531779,0.00067207,4597104000000.0,2165099000000.0,,,,,,,,,,,,,
EIB,2025,,0.02862269,0.43887358,0.80723231,0.02398677,0.11332719,0.05886158,0.00948084,5923525000000.0,3326804000000.0,,,,,,,,,,,,,
EIB,2025,,0.02862269,0.43887358,0.80723231,0.02398677,0.11332719,0.05886158,0.00948084,5979685000000.0,1136939000000.0,,,,,,,,,,,,,
EVF,2025,,0.00704975,1.79485636,1.17157304,0.02738043,0.38562832,2.18811188,0.12446726,786127000000.0,330571000000.0,,,,,,,,,,,,,
EVF,2025,,0.00880118,1.53798569,1.10428385,0.02912793,0.32602233,1.46829985,0.18458869,919202000000.0,365787000000.0,,,,,,,,,,,,,
EVF,2025,,0.00927246,1.50165319,1.1891613,0.02882853,0.31483038,0.4252076,0.30976609,709025000000.0,328379000000.0,,,,,,,,,,,,,
EVF,2025,,0.00927246,1.50165319,1.1891613,0.02882853,0.31483038,0.4252076,0.30976609,1444335000000.0,560822000000.0,,,,,,,,,,,,,
EVF,2026,,0.01104659,1.38806109,1.20984964,0.02691795,0.25398263,-0.15305231,0.27880615,1891741000000.0,894337000000.0,,,,,,,,,,,,,
FPT,2025,,,,,,,,,,4337411879802.0,0.95261755,0.16640581,0.11809332,0.27663055,0.20878023,21801.35790603,1478.04155756,5.14188155,75.84360496,0.17780582,0.20224921,35671052233610.0,5415027516223.0
FPT,2025,,,,,,,,,,5310108591408.0,1.038134,0.16243299,0.11687948,0.27599049,0.19740011,22480.13522042,1523.94294465,4.22595323,62.33829182,0.14540813,0.19530032,44023010881275.0,6794557295869.0
FPT,2025,,,,,,,,,,6465190432622.0,0.93176028,0.16178751,0.11562932,0.27370698,0.19023479,21008.49550569,1429.31098128,4.68857944,68.91432396,0.12620772,0.18515522,52625174861333.0,8451627899363.0
FPT,2025,,,,,,,,,,7856767812178.0,1.01476432,0.15672658,0.11709768,0.28293685,0.19784109,,,,,0.11557948,0.17832212,62962652134635.0,10508347783359.0
FPT,2025,,,,,,,,,,9376127629501.0,1.01476432,0.15672658,0.11709768,0.28293685,0.19784109,21414.75870283,5504.01434424,3.42754271,13.33572106,0.11557948,0.17832212,70207688944553.0,10988543474155.0
FRT,2025,,,,,,,,,,443732167619.0,6.13202171,0.02067289,0.03014765,0.23945765,0.08964327,15265.24207849,1232.82313614,10.01621849,124.02427852,0.28952019,4.42510801,22619505421050.0,494860027872.0
FRT,2025,,,,,,,,,,390360854577.0,4.42678164,0.02209214,0.03300922,0.24867979,0.09203946,21039.52584939,870.93045947,6.89179029,166.48860816,0.27484161,12.07706905,30276710796279.0,556540896920.0
FRT,2025,,,,,,,,,,-345643489328.0,4.40817685,0.02305729,0.03497734,0.24798776,0.09050669,18116.1266279,1284.38722394,9.10790719,128.46593062,0.27501364,2.73835871,31975613596365.0,-84504147125.0
FRT,2025,,,,,,,,,,317516265617.0,3.61449892,0.02571809,0.04019871,0.26132814,0.10032993,,,,,0.27374429,1.31350433,40241629282059.0,690016104152.0
FRT,2025,,,,,,,,,,794864943551.0,3.61449892,0.02571809,0.04019871,0.26132814,0.10032993,24494.5213023,4667.39055936,5.89927838,30.95948328,0.27374429,1.31350433,51232049640567.0,1313753592287.0
FTS,2025,,,,,,,,,,845975042902.0,1.66244303,0.48441531,0.04487743,0.10944789,0.0491942,12227.47423814,174.94089976,2.80924738,196.35202544,-0.01494176,-0.17645544,1383479260656.0,974670804567.0
FTS,2025,,,,,,,,,,318225400741.0,2.18881892,0.44614334,0.03770089,0.10124599,0.04174415,12386.53451707,159.06027894,2.68436664,209.04024702,0.1421444,-0.04063689,850241318065.0,438274052555.0
FTS,2025,,,,,,,,,,444917590949.0,2.149273,0.41478586,0.03351072,0.09293916,0.04028085,,,,,0.05058562,-0.22992436,944166710638.0,531625707978.0
FTS,2025,,,,,,,,,,567317494337.0,2.149273,0.41478586,0.03351072,0.09293916,0.04028085,12756.10928914,999.76836339,2.07351626,26.45612821,0.05058562,-0.22992436,1147748531060.0,652345974157.0
FTS,2026,,,,,,,,,,396754274822.0,1.88325692,0.40154384,0.03108641,0.09238991,0.03582722,13072.35505571,461.51796479,2.02335386,57.31087849,0.09611226,-0.19063132,1205808101002.0,500152145289.0
GAS,2025,,,,,,,,,,8672965062460.0,0.27505618,0.11636664,0.12132574,0.16957199,0.16697613,26894.06708245,1176.66073437,2.52472041,57.70567337,0.1506732,-0.00835291,78992156122272.0,10373999535300.0
GAS,2025,,,,,,,,,,14798317219715.0,0.28878618,0.1319753,0.1402003,0.19395627,0.19449425,28780.20101079,2026.57615584,2.0743427,29.45855246,0.08044966,0.10077507,100723549227433.0,17799393530667.0
GAS,2025,,,,,,,,,,11606030646959.0,0.41410703,0.12031085,0.13970267,0.18928769,0.18963119,26923.5715991,1056.43266179,4.34563444,110.75007829,0.15022763,0.08556835,90014136902542.0,12906192709012.0
GAS,2025,,,,,,,,,,10398370049725.0,0.38305264,0.09712578,0.13013499,0.18040289,0.1720083,,,,,0.30478632,0.09013954,103603614927247.0,12042034061675.0
GAS,2025,,,,,,,,,,11414339911686.0,0.38305264,0.09712578,0.13013499,0.18040289,0.1720083,27474.66187983,4730.45072045,2.84989858,16.55233394,0.30478632,0.09013954,135196548909363.0,13124515062781.0
GEE,2024,,,,,,,,,,565867041019.0,0.85566746,0.10395955,0.11929863,0.26846818,0.17391072,,,,,0.27231169,1.22618291,18847758909185.0,1081813566286.0
GEE,2024,,,,,,,,,,880462911763.0,0.85566746,0.10395955,0.11929863,0.26846818,0.17391072,21324.88312807,5294.11544962,9.56628924,38.53334933,0.27231169,1.22618291,16822823680023.0,1357007414813.0
GEE,2025,,,,,,,,,,745377314586.0,0.82636799,0.11476981,0.14645251,0.30889617,0.19761867,22584.2155864,1481.38628995,5.36658001,81.81525698,0.34156926,1.64501467,16757537132187.0,1277958725998.0
GEE,2025,,,,,,,,,,1588234634885.0,0.95492365,0.11790374,0.1437776,0.29822179,0.21209571,18599.53964504,1443.01542561,8.33353959,107.41395916,0.30055146,0.72793494,21351265987360.0,2196625988777.0
GEE,2025,,,,,,,,,,3257379502829.0,0.88383528,0.11937639,0.23646179,0.48058042,0.21963963,20386.50315414,4765.11311978,10.00662048,42.81115576,0.26252169,1.82007496,25659652863824.0,2936774918857.0
GEX,2025,,,,,,,,,,1038701162390.0,1.2878018,0.11426402,0.03247377,0.12755476,0.07917497,16700.77730049,271.97320249,3.20344371,196.71055645,0.1573838,1.36274087,28762798502282.0,2196672768366.0
GEX,2025,,,,,,,,,,368916322614.0,1.34256284,0.12794823,0.02804056,0.11081437,0.08887513,16177.66457481,727.9163256,2.96705373,65.94164509,0.2091425,0.8750258,32262726561846.0,3499908525079.0
GEX,2025,,,,,,,,,,330357294753.0,1.36194446,0.12330221,0.03556421,0.14102608,0.08270916,17878.23729657,689.19817647,2.0415883,52.96009369,0.19828946,1.09949534,30296407854092.0,2793560040995.0
GEX,2025,,,,,,,,,,1631297943916.0,1.43897242,0.12452852,0.02320538,0.0929131,0.0731337,,,,,0.17066161,0.27904892,34060209909943.0,3733255432954.0
GEX,2025,,,,,,,,,,1477891529178.0,1.43897242,0.12452852,0.02320538,0.0929131,0.0731337,19702.21186838,1633.85776595,2.02007776,24.35952555,0.17066161,0.27904892,39908172858988.0,4920436840142.0
GMD,2025,,,,,,,,,,612182073397.0,0.28282243,0.26884223,0.07969914,0.11910605,0.10709244,30163.19212232,959.02531337,1.88972042,59.43534462,0.29218984,-0.44296428,3206290165333.0,692870189165.0
GMD,2025,,,,,,,,,,993915564733.0,0.38524985,0.29291505,0.08133183,0.1220293,0.12235132,29056.67962478,1059.66195551,2.42629237,66.53065125,0.30039292,0.13441351,3898243608570.0,1051446877132.0
GMD,2025,,,,,,,,,,2250577339920.0,0.3618564,0.26872374,0.07485579,0.11198189,0.10972929,29824.23455247,750.15299939,2.29678988,91.31470521,0.28921773,0.08099199,3845826296568.0,1116528689623.0
GMD,2025,,,,,,,,,,1455479595602.0,0.32900279,0.2765204,0.0928309,0.13757929,0.10877289,,,,,0.2326148,0.20120022,4832024798961.0,1313441597329.0
GMD,2025,,,,,,,,,,1755629825296.0,0.32900279,0.2765204,0.0928309,0.13757929,0.10877289,30808.85837756,4116.41256429,2.43436479,18.2197481,0.2326148,0.20120022,5956025297015.0,1646962478347.0
GVR,2025,,,,,,,,,,4158196263511.0,0.38540892,0.16861278,0.05838415,0.08911256,0.06779831,13576.98321455,296.16199662,2.17279491,99.6076483,0.21320181,0.61645319,26226269744269.0,5386215283929.0
GVR,2025,,,,,,,,,,3881881209633.0,0.3458012,0.1730568,0.06434027,0.09790076,0.07172207,14091.69339831,361.70277396,1.95505247,76.16751096,0.24639593,0.69308759,25475298231163.0,4040806009272.0
GVR,2025,,,,,,,,,,2623175190293.0,0.32700533,0.20418188,0.07493598,0.11315164,0.0862512,14507.98723205,474.31580636,2.81569037,86.12405375,0.22834263,0.74829702,22167764814943.0,2506997073286.0
GVR,2025,,,,,,,,,,3988716618482.0,0.38714254,0.17077862,0.06269432,0.09728568,0.07189072,,,,,0.10807551,0.26777709,26267016732896.0,4085665459630.0
GVR,2025,,,,,,,,,,5318551565051.0,0.38714254,0.17077862,0.06269432,0.09728568,0.07189072,14077.21743005,1329.63789126,2.36907614,25.08201686,0.10807551,0.26777709,29099643438453.0,4965910239433.0
HAG,2025,,,,,,,,,,203030161000.0,1.40971534,0.28428708,0.05096089,0.13350656,0.10803296,8645.97026221,322.18816085,1.57877018,42.36654744,-0.08558219,-0.33174867,2187415636000.0,551962290000.0
HAG,2025,,,,,,,,,,1128745396000.0,1.5065152,0.30793986,0.05811813,0.15200274,0.12433677,9237.44503624,466.11606281,1.65630214,32.82444271,0.02731583,-0.2728133,5197982826000.0,2271356723000.0
HAG,2025,,,,,,,,,,1663970953000.0,1.08850974,0.30387284,0.05844208,0.14424243,0.12263523,9989.69281943,328.18469768,1.72677982,52.56186569,0.18061548,-0.23413817,6492569736000.0,883296781000.0
HAG,2025,,,,,,,,,,1013433083000.0,0.86014065,0.28165247,0.08724629,0.19337156,0.11345765,,,,,0.28518243,1.15250967,5894531814000.0,1610141349000.0
HAG,2025,,,,,,,,,,2122808772000.0,0.86014065,0.28165247,0.08724629,0.19337156,0.11345765,10423.54025068,1674.84217414,1.56376813,9.7322603,0.28518243,1.15250967,7484526405000.0,2093318398000.0
HCM,2025,,,,,,,,,,1147062381087.0,2.43062089,0.24598882,0.02683683,0.08474465,0.02881903,14128.40307127,266.87995075,1.7447124,92.36362616,0.20596903,-0.11769605,4460112837812.0,1427879513423.0
HCM,2025,,,,,,,,,,852487875934.0,3.21312777,0.27549385,0.03071857,0.10458132,0.03496847,14739.56993931,611.16686804,1.73003691,41.72346594,0.24348613,0.09822394,3901444793030.0,1064457183556.0
HCM,2025,,,,,,,,,,674358865907.0,2.19731457,0.28656315,0.03028361,0.09433812,0.03334179,,,,,0.2010907,0.1379624,2903163797459.0,839978627934.0
HCM,2025,,,,,,,,,,1039655044354.0,2.19731457,0.28656315,0.03028361,0.09433812,0.03334179,13455.94297397,1090.50755062,1.94709505,24.02550994,0.2010907,0.1379624,4276240392092.0,1292571017987.0
HCM,2026,,,,,,,,,,1178617386238.0,1.80980371,0.27706055,0.02982306,0.0999018,0.03368771,13325.32968676,268.98707514,1.96618025,97.40244949,0.26972814,0.26085013,5136152570432.0,1471832069985.0
HDB,2025,,0.02371274,0.53295296,0.73316073,0.05110618,0.22749476,0.22844408,0.26940256,13890777000000.0,6053519000000.0,,,,,,,,,,,,,
HDB,2025,,0.02541401,0.47173955,0.7975306,0.05114191,0.31732034,0.23831671,0.2176557,13890777000000.0,6053519000000.0,,,,,,,,,,,,,
HDB,2025,,0.02901054,0.43374501,0.73294281,0.04824043,0.2252938,0.22881622,0.10183194,18011568000000.0,7749794000000.0,,,,,,,,,,,,,
HDB,2025,,0.02437957,0.54799457,0.70267588,0.04532389,0.23468537,0.28161751,0.12603637,22183974000000.0,10070898000000.0,,,,,,,,,,,,,
HDB,2025,,0.02437957,0.54799457,0.70267588,0.04532389,0.23468537,0.28161751,0.12603637,30857076000000.0,12762953000000.0,,,,,,,,,,,,,
HDC,2025,,,,,,,,,,309339306260.0,1.09253258,0.22918007,0.01757464,0.037817,0.0216674,13017.54517172,324.45768925,3.16495925,126.98111762,-0.23991433,-0.30284826,1410192324621.0,422786470243.0
HDC,2025,,,,,,,,,,419367318934.0,0.87564398,0.11892699,0.12172114,0.25194671,0.01080172,16033.39658189,3015.85141017,1.33159558,7.07926124,-0.22137949,4.48815451,1303389521752.0,408867254672.0
HDC,2025,,,,,,,,,,131643451216.0,1.07105351,-0.0160093,0.11662731,0.24868141,-0.00135596,,,,,-0.16427293,8.06422165,666012382553.0,239538281225.0
HDC,2025,,,,,,,,,,66057103130.0,1.07105351,-0.0160093,0.11662731,0.24868141,-0.00135596,14464.66360004,3199.38149869,1.29280573,5.84487971,-0.16427293,8.06422165,556262767958.0,163246700622.0
HDC,2026,,,,,,,,,,639091078736.0,0.91208749,0.13065906,0.12350386,0.24792032,0.01411822,14751.80723698,287.14363694,1.26764129,65.12420125,0.08278479,7.19631493,456497816007.0,-7308208382.0
HDG,2025,,,,,,,,,,1096497637724.0,0.82897855,0.43789715,0.02025153,0.04590205,0.07239339,18593.82009019,461.05311802,1.44402817,58.23623993,-0.10997778,-0.47906999,3778411799998.0,1979673256243.0
HDG,2025,,,,,,,,,,1095618039142.0,0.85321723,0.4165753,0.01426658,0.03225833,0.06893461,16837.84163215,-49.65709666,1.84109108,-624.28136329,-0.07745357,-0.58404141,3581190677660.0,2048619115787.0
HDG,2025,,,,,,,,,,665078031091.0,0.79486246,0.4429545,0.02456372,0.05532795,0.0821527,17608.15008372,770.30689347,1.55893719,35.6351478,-0.06098022,-0.47288853,2889383967575.0,1490040075764.0
HDG,2025,,,,,,,,,,348309879490.0,0.74865693,0.52441784,0.05399568,0.11888546,0.10954914,,,,,0.02536316,0.86864281,2774708549033.0,1140362784299.0
HDG,2025,,,,,,,,,,770390274176.0,0.74865693,0.52441784,0.05399568,0.11888546,0.10954914,18546.68924668,2082.34391356,1.43421824,12.77406668,0.02536316,0.86864281,2815579404629.0,1461311521247.0
HHV,2025,,,,,,,,,,268873236620.0,2.48329982,0.39383558,0.01234171,0.05240092,0.03845105,12964.96752228,338.31104526,0.96028008,36.80045383,0.1819961,0.39832256,1861340178631.0,830071610860.0
HHV,2025,,,,,,,,,,264050336161.0,2.36872482,0.39027613,0.01274218,0.0521688,0.03955918,12955.84941558,275.88274765,1.15391894,54.18968793,0.14752673,0.37398009,2094582751424.0,943679677156.0
HHV,2025,,,,,,,,,,322122856962.0,2.34380526,0.39333954,0.01322973,0.05228632,0.04116612,12597.06667522,259.06654091,0.96847943,47.09214844,0.14116719,0.41752271,2685542239251.0,1019638696668.0
HHV,2025,,,,,,,,,,426416159039.0,2.34785919,0.40448352,0.01458157,0.05784852,0.0447339,,,,,0.14905759,0.33675395,3308251591277.0,1269463949278.0
HHV,2025,,,,,,,,,,580772601633.0,2.34785919,0.40448352,0.01458157,0.05784852,0.0447339,12950.48630373,1167.53934325,0.98065815,10.87757777,0.14905759,0.33675395,3801371595413.0,1537592146092.0
HPG,2025,,,,,,,,,,34478143197460.0,0.97961353,0.12035549,0.05924112,0.11550218,0.07616073,19000.81858229,665.46602754,1.43414874,40.948747,0.06530575,0.23563399,150865359967200.0,37664079761085.0
HPG,2025,,,,,,,,,,8483510554031.0,0.93051315,0.12691819,0.0611533,0.12022432,0.0780053,16342.67951108,519.61907588,1.63987796,51.57624353,0.0409567,0.21286774,142770810676858.0,13078175872803.0
HPG,2025,,,,,,,,,,6835064334356.0,0.96539536,0.13084891,0.06406936,0.12690593,0.08657997,,,,,0.12430931,0.31745638,120355231616139.0,9669188228747.0
HPG,2025,,,,,,,,,,12021443836074.0,0.96539536,0.13084891,0.06406936,0.12690593,0.08657997,16830.37883831,1993.12644929,1.6577167,13.99810835,0.12430931,0.31745638,140561387448572.0,14614724419648.0
HSG,2025,,,,,,,,,,4379126817175.0,0.55136793,0.01235449,0.02416707,0.04172098,0.0268708,18192.17561841,334.16989107,0.98943636,53.86481691,0.1296484,-0.42775922,56825986988036.0,5074165787437.0
HSG,2025,,,,,,,,,,-1068113902805.0,0.70045058,0.01142603,0.02448156,0.04180186,0.02444919,18099.49350679,440.87471129,0.9392528,38.5597077,0.02737137,-0.552898,41030620528153.0,-805839667185.0
HSG,2025,,,,,,,,,,813601355385.0,0.67175411,0.02025954,0.03878771,0.06508166,0.04331283,18233.40604535,142.03740264,0.88299465,113.35042532,-0.06961922,0.48781764,33391916677198.0,895229247458.0
HSG,2025,,,,,,,,,,576809632560.0,0.8510655,0.01838207,0.03075927,0.05594508,0.03369984,,,,,-0.14154037,0.16399757,41040440243474.0,526899235381.0
HSG,2025,,,,,,,,,,628388496317.0,0.8510655,0.01838207,0.03075927,0.05594508,0.03369984,18294.16748106,1011.92656733,0.86366324,15.61378119,-0.14154037,0.16399757,35523577933205.0,637843697891.0
HT1,2025,,,,,,,,,,371277573581.0,0.65423575,0.02877992,0.00923169,0.01560154,0.02662878,12726.72487252,-24.05260639,1.02147254,-540.48196645,0.01809001,0.23228553,7470381177162.0,587764098120.0
HT1,2025,,,,,,,,,,257706300456.0,0.63325267,0.04248443,0.01743421,0.02913261,0.04141572,12962.69756143,294.37832113,1.36159931,59.95686072,0.03493492,1.57106765,9473516917030.0,470993888937.0
HT1,2025,,,,,,,,,,17727945657.0,0.62624914,0.05078704,0.02525892,0.04175735,0.05203747,13087.18321158,224.48565015,1.28369869,74.8377457,0.0590169,1.5739786,7541572367977.0,187563551149.0
HT1,2025,,,,,,,,,,60146180469.0,0.49354151,0.05752269,0.03459792,0.05505269,0.06175071,,,,,0.06968699,3.33755044,7360182839307.0,175063730182.0
HT1,2025,,,,,,,,,,273733616880.0,0.49354151,0.05752269,0.03459792,0.05505269,0.06175071,13309.72209362,319.99959475,1.13075238,47.03130956,0.06968699,3.33755044,7963542745613.0,423596401231.0
IMP,2025,,,,,,,,,,189094874963.0,0.42547684,0.19104157,0.12979473,0.16443938,0.16647257,13776.31005022,586.17205195,3.6112718,84.87269196,0.16326987,0.33789094,1301313458150.0,234071891248.0
IMP,2025,,,,,,,,,,223540317602.0,0.34942751,0.19470951,0.12697832,0.16556831,0.1640223,14275.46859016,499.15853994,3.75469286,107.38071316,0.1347157,0.34957109,1676311518466.0,296500091607.0
IMP,2025,,,,,,,,,,299556005542.0,0.20642,0.18943845,0.13206388,0.15553047,0.1630711,,,,,0.10700803,0.10404636,2113869795523.0,381046953304.0
IMP,2025,,,,,,,,,,320862393082.0,0.20642,0.18943845,0.13206388,0.15553047,0.1630711,14973.25904148,1948.40717927,3.22908993,24.81514158,0.10700803,0.10404636,2512786046784.0,415158231247.0
IMP,2026,,,,,,,,,,349138023396.0,0.18596048,0.19485174,0.123041,0.15842155,0.15441207,15440.78240023,532.44039783,3.13131801,90.80828614,0.03689483,0.0759742,2914294074254.0,462435447591.0
KBC,2025,,,,,,,,,,1094882888170.0,1.52179249,0.31348772,0.02745238,0.06690095,0.05170476,25196.04104952,1019.6814119,1.15097447,28.44025561,0.60615692,0.24321568,4245981967388.0,1848542588845.0
KBC,2025,,,,,,,,,,1526351079824.0,1.73791979,0.36416347,0.0267341,0.07043488,0.05266446,25382.5325355,430.30145447,1.39859961,82.50030213,1.53656392,2.32708197,1397476163499.0,-244624308726.0
KBC,2025,,,,,,,,,,2030699360319.0,1.5536811,0.39925477,0.02587351,0.07094586,0.04992828,25709.25288014,326.28448957,1.35748791,106.96187259,1.0484634,1.7141228,5858772665527.0,2882601483450.0
KBC,2025,,,,,,,,,,381924116264.0,1.60351644,0.36437844,0.03680527,0.0970329,0.05160337,,,,,1.40910351,3.05430429,2775773466955.0,725566911235.0
KBC,2025,,,,,,,,,,2103625414463.0,1.60351644,0.36437844,0.03680527,0.0970329,0.05160337,26335.01531185,2233.72952922,1.29865123,15.3107167,1.40910351,3.05430429,6687125604053.0,2436644380320.0
KDC,2025,,,,,,,,,,590401869878.0,0.91016944,-0.01646528,-0.00337172,-0.00641404,0.02311149,22588.79764987,-260.48571118,2.38613851,-206.92113881,0.02907381,-0.95635667,10675274452835.0,611701468356.0
KDC,2025,,,,,,,,,,362600497164.0,0.83368865,-0.0113503,0.00405824,0.00807964,-0.00701932,22829.02474768,355.95294882,2.2690413,145.52485145,0.14589658,1.32834281,12787155345809.0,418418660158.0
KDC,2025,,,,,,,,,,143303681956.0,0.79670124,-0.00834252,0.00606822,0.01228182,-0.00533991,23017.10001613,179.2120836,2.17229799,278.99904401,0.178628,1.37709171,8905535115422.0,-67411096854.0
KDC,2025,,,,,,,,,,37310662846.0,0.79725283,-0.00550739,0.038153,0.07608782,-0.00406959,,,,,0.08778544,5.9336334,8591293063411.0,-78737987792.0
KDC,2025,,,,,,,,,,522443281291.0,0.79725283,-0.00550739,0.038153,0.07608782,-0.00406959,24536.29006778,1802.73255774,1.82179131,24.7956913,0.08778544,5.9336334,9291536690397.0,-49866756790.0
KDH,2025,,,,,,,,,,1202474135000.0,0.5434158,0.37753408,0.02871197,0.05309552,0.04620197,17323.59188934,120.60141391,1.59320308,228.85303833,0.82529359,0.24819202,3746129199000.0,1407142666000.0
KDH,2025,,,,,,,,,,1102953667000.0,0.58585194,0.30775729,0.02550501,0.04551558,0.0402236,17464.32943806,196.84135738,1.91819561,170.18781239,0.9663479,0.16245723,2973585022000.0,1065104800000.0
KDH,2025,,,,,,,,,,715673834000.0,0.62337836,0.370061,0.03048528,0.05409932,0.05597305,16070.12331869,210.08895285,1.71125009,130.89693497,1.88437485,1.3565082,2166305461000.0,1219675559000.0
KDH,2025,,,,,,,,,,810413554000.0,0.60997778,0.46441169,0.03225184,0.0582151,0.06599159,,,,,0.41863218,0.93993391,3295129859000.0,1307679311000.0
KDH,2025,,,,,,,,,,1045471436000.0,0.60997778,0.46441169,0.03225184,0.0582151,0.06599159,16505.62509775,885.03357502,1.5509864,28.9254563,0.41863218,0.93993391,4689097351000.0,2160027561000.0
KOS,2025,,,,,,,,,,22548598613.0,1.08377075,0.08622042,0.00441376,0.00914404,0.0198085,10688.41820394,12.05203592,3.63477544,3223.52175665,0.16824128,0.09539659,1106568127246.0,21337594628.0
KOS,2025,,,,,,,,,,21719114210.0,1.06534437,0.08411419,0.00318298,0.00661051,0.01666661,10708.39758156,19.97937761,3.62332456,1942.00243658,0.03102947,-0.20709658,1343460401347.0,101638968080.0
KOS,2025,,,,,,,,,,21062655740.0,1.07317775,0.0815073,0.0031241,0.0065148,0.01652796,10759.27037821,50.87279665,3.63872257,769.56649876,0.05866316,-0.37587899,1315815469460.0,104301370613.0
KOS,2025,,,,,,,,,,21434709645.0,1.08168031,0.08667977,0.00389937,0.00816406,0.01962607,,,,,0.0808665,-0.05187277,1438926718406.0,124956018515.0
KOS,2025,,,,,,,,,,18946386554.0,1.08168031,0.08667977,0.00389937,0.00816406,0.01962607,10763.8858914,87.51972337,3.53961389,435.33044362,0.0808665,-0.05187277,1555287684320.0,134811974648.0
LPB,2025,,0.01742043,0.75287119,0.81245225,0.03152752,0.16197105,0.08704043,0.16919496,9017159000000.0,2873248000000.0,,,,,,,,,,,,,
LPB,2025,,0.01779745,0.76132911,0.80352447,0.031072,0.21508116,0.20227196,0.10724658,9017159000000.0,2873248000000.0,,,,,,,,,,,,,
LPB,2025,,0.0168433,0.73950037,0.74296684,0.02920484,0.18208113,0.19215018,0.04160742,11899969000000.0,4510253000000.0,,,,,,,,,,,,,
LPB,2025,,0.0168433,0.73950037,0.74296684,0.02920484,0.18208113,0.19215018,0.04160742,11203129000000.0,5572246000000.0,,,,,,,,,,,,,
LPB,2026,,0.01835715,0.69647474,0.79440333,0.03027151,0.14440175,0.17944742,0.09331414,15393743000000.0,9720900000000.0,,,,,,,,,,,,,
LPB,2026,,0.01835715,0.69647474,0.79440333,0.03027151,0.14440175,0.17944742,0.09331414,16034237000000.0,11422379000000.0,,,,,,,,,,,,,
MBB,2025,,0.01840945,0.75259321,0.84406575,0.04169383,0.30413361,0.293108,0.16693331,26199554000000.0,12697075000000.0,,,,,,,,,,,,,
MBB,2025,,0.01604436,0.88886345,0.83391906,0.04056845,0.30902578,0.26619718,0.18290543,36023122000000.0,17482735000000.0,,,,,,,,,,,,,
MBB,2025,,0.01870331,0.79207383,0.87957925,0.04021586,0.32762636,0.25569044,0.23034609,38683848000000.0,20676788000000.0,,,,,,,,,,,,,
MBB,2025,,0.01294026,0.93748685,0.83886874,0.03865584,0.39974067,0.29015242,0.2541272,41152219000000.0,22633757000000.0,,,,,,,,,,,,,
MBB,2025,,0.01294026,0.93748685,0.83886874,0.03865584,0.39974067,0.29015242,0.2541272,51610117000000.0,26778939000000.0,,,,,,,,,,,,,
MSB,2025,,0.02568423,0.59632881,0.81527465,0.03502123,0.23384849,0.18292662,0.10480594,6216244000000.0,4034740000000.0,,,,,,,,,,,,,
MSB,2025,,0.02702355,0.55593521,0.77746145,0.0345203,0.21029515,0.14951191,0.11505882,6216244000000.0,4034740000000.0,,,,,,,,,,,,,
MSB,2025,,0.02791892,0.53679868,0.75058594,0.03448545,0.2050677,0.23524047,0.16404738,8321791000000.0,4616213000000.0,,,,,,,,,,,,,
MSB,2025,,0.02690112,0.51637958,0.67180264,0.03151107,0.16654923,0.27202968,0.06877141,9188515000000.0,4644214000000.0,,,,,,,,,,,,,
MSB,2025,,0.02690112,0.51637958,0.67180264,0.03151107,0.16654923,0.27202968,0.06877141,10243064000000.0,5519377000000.0,,,,,,,,,,,,,
MSN,2025,,,,,,,,,,8562882000000.0,1.96490575,0.08850436,0.01982651,0.09165817,0.05900188,21464.25266343,682.24788739,3.69451484,116.23341232,0.01844177,1.18741969,89791619000000.0,6283494000000.0
MSN,2025,,,,,,,,,,3566996000000.0,1.82388429,0.09465749,0.02483707,0.10459948,0.06474493,22164.58685741,794.91046319,3.46047506,96.48885447,-0.00222838,0.82514644,76380750000000.0,4669171000000.0
MSN,2025,,,,,,,,,,418695000000.0,1.8608485,0.09390054,0.02971135,0.12527197,0.07083854,,,,,-0.01871163,0.30926937,78516999000000.0,4178755000000.0
MSN,2025,,,,,,,,,,1999059000000.0,1.8608485,0.09390054,0.02971135,0.12527197,0.07083854,23247.84083047,2701.95831349,3.3207385,28.57186938,-0.01871163,0.30926937,83456446000000.0,6173389000000.0
MWG,2025,,,,,,,,,,4898869278220.0,1.44965781,0.03340964,0.06329215,0.15859774,0.07747685,20040.08203576,1057.23593587,3.32333969,62.9944535,0.13312481,2.19772482,124141525689948.0,5894568618424.0
MWG,2025,,,,,,,,,,4099763027305.0,1.69859256,0.03417711,0.06654201,0.1704378,0.07777352,20032.512965,1113.84324286,4.21814278,75.86345793,0.11894951,0.94236896,134722248887557.0,6644176848789.0
MWG,2025,,,,,,,,,,167669392704.0,1.52501789,0.03767005,0.07637129,0.19682572,0.08488286,21228.28523374,1196.8014348,4.37623666,77.62357004,0.12952816,0.78855088,119234184825086.0,436250745888.0
MWG,2025,,,,,,,,,,3721868441661.0,1.53030271,0.04537282,0.0911203,0.23306967,0.10671104,,,,,0.16068786,0.7889539,135225101298992.0,4083604884037.0
MWG,2025,,,,,,,,,,7033730770169.0,1.53030271,0.04537282,0.0911203,0.23306967,0.10671104,22181.34158631,4785.8497816,3.76442514,17.44726722,0.16068786,0.7889539,156836115054975.0,7074899349791.0
NAB,2025,,0.02485448,0.52150426,0.75813505,0.0350948,0.20969605,0.16687443,0.22360759,4283189000000.0,1434363000000.0,,,,,,,,,,,,,
NAB,2025,,0.02845012,0.39024605,0.67967581,0.0319182,0.23050264,0.28557303,0.10227578,4283189000000.0,1434363000000.0,,,,,,,,,,,,,
NAB,2025,,0.02713043,0.46394018,0.60575625,0.02851601,0.2097733,0.2749951,0.01588397,5119121000000.0,1807876000000.0,,,,,,,,,,,,,
NAB,2025,,0.02155857,0.53391687,0.54059407,0.0266758,0.17902835,0.12301015,0.08551491,6647309000000.0,2621619000000.0,,,,,,,,,,,,,
NAB,2025,,0.02155857,0.53391687,0.54059407,0.0266758,0.17902835,0.12301015,0.08551491,7937820000000.0,3607093000000.0,,,,,,,,,,,,,
NKG,2025,,,,,,,,,,2225261058221.0,0.89138314,0.02810993,0.0270731,0.05886089,0.03938176,16793.33157533,146.13282588,0.98253285,112.91097603,-0.00534348,0.08880501,28206149855751.0,2749184903380.0
NKG,2025,,,,,,,,,,-124684837727.0,1.17582328,0.02386746,0.0165666,0.03583172,0.0282048,16937.24952025,204.64684803,0.94171134,77.93914323,-0.10760332,-0.44068396,23128328990585.0,93253424780.0
NKG,2025,,,,,,,,,,117408565158.0,1.15798327,0.02162405,0.01482294,0.03146317,0.02257998,17047.21751333,110.66939536,0.89164111,137.34601107,-0.21643143,-0.5324588,18621212567707.0,372848867891.0
NKG,2025,,,,,,,,,,453008144440.0,1.16019155,0.0155556,0.01313579,0.02925346,0.01481119,,,,,-0.2814727,-0.5685128,20707517191896.0,693933840192.0
NKG,2025,,,,,,,,,,197122282688.0,1.16019155,0.0155556,0.01313579,0.02925346,0.01481119,17026.17306164,440.42696041,0.84869336,32.80907233,-0.2814727,-0.5685128,14899234663086.0,230349627758.0
NLG,2025,,,,,,,,,,1070826325922.0,0.98100385,0.22897708,0.02370594,0.07428466,0.08482581,25414.50541924,281.39133001,1.63882788,148.01451061,1.62860872,1.26997427,5205519498702.0,781357411681.0
NLG,2025,,,,,,,,,,556273710440.0,0.98427789,0.23594369,0.02246253,0.06868442,0.09073388,25111.51474221,257.94836692,1.45948981,142.08269832,2.59317504,1.66697717,4338841417665.0,829424007829.0
NLG,2025,,,,,,,,,,483736401573.0,0.97583698,0.2455222,0.02960058,0.08792035,0.11080134,25490.5651074,379.05036519,1.11609923,75.05598889,3.18493937,2.35286,3181421790727.0,581753329215.0
NLG,2025,,,,,,,,,,517894708641.0,0.79196427,0.18863752,0.02466031,0.062798,0.05726688,,,,,-0.21552988,-0.34884578,7196050482193.0,1663753846028.0
NLG,2025,,,,,,,,,,701371622402.0,0.79196427,0.18863752,0.02466031,0.062798,0.05726688,26102.43992038,1445.83674739,1.05928795,19.12387415,-0.21552988,-0.34884578,5645086579147.0,1064875149341.0
NT2,2025,,,,,,,,,,533789073040.0,0.8463938,0.08860096,0.07874114,0.15353336,0.1002612,15659.77615954,744.18540088,1.65711181,34.87034275,0.34697151,1.72030695,6149583588676.0,592883478602.0
NT2,2025,,,,,,,,,,883417416165.0,0.90832398,0.14612582,0.12578875,0.24982863,0.17677987,,,,,0.33893845,11.19704876,8787691488678.0,950092926576.0
NT2,2025,,,,,,,,,,473076742026.0,0.90832398,0.14612582,0.12578875,0.24982863,0.17677987,16880.18584477,3926.29010057,1.46917814,6.31639521,0.33893845,11.19704876,6385884555364.0,441289786328.0
NT2,2026,,,,,,,,,,82893960390.0,0.9027841,0.15172065,0.14186994,0.27235323,0.18553675,17505.37869132,625.19284654,1.41670743,39.66776034,0.2243371,3.73591853,5943678536835.0,-29654712484.0
NT2,2026,,,,,,,,,,1130284802854.0,0.9027841,0.15172065,0.14186994,0.27235323,0.18553675,17505.37869132,4423.07995605,1.41670743,5.60695268,0.2243371,3.73591853,7958219701044.0,1162901367888.0
NVL,2025,,,,,,,,,,3224687028176.0,3.80619027,-0.14377741,-0.02684354,-0.18036973,-0.02542944,19399.91874652,-227.34483488,0.90206563,-76.97557769,1.09280569,-2.21045732,14967335269790.0,3518890761376.0
NVL,2025,,,,,,,,,,2162071222708.0,3.59168301,0.17146523,0.00070223,0.00445565,0.01024188,20038.85593858,-82.33993143,0.68866207,-167.59790493,0.95039619,1.93309555,11150728886696.0,1755147279751.0
NVL,2025,,,,,,,,,,605578220113.0,3.71472178,0.18323583,-0.0161235,-0.10020627,0.06485893,19609.05138014,-450.34349473,0.66295915,-28.86685419,0.60955857,0.52835752,4769950330281.0,-459993496668.0
NVL,2025,,,,,,,,,,-6454779904770.0,3.24342264,0.36238712,0.00715108,0.0419305,0.01372787,,,,,-0.232287,2.18449266,9079619602216.0,-1900335402345.0
NVL,2025,,,,,,,,,,1743741158759.0,3.24342264,0.36238712,0.00715108,0.0419305,0.01372787,20313.07545956,781.23954639,0.95751133,24.89633313,-0.232287,2.18449266,6966355811153.0,2524297437454.0
OCB,2025,,0.03465692,0.40510043,0.72009002,0.03283931,0.2239056,0.16993326,0.19087215,5765584993537.0,4404958967802.0,,,,,,,,,,,,,
OCB,2025,,0.03700636,0.40605242,0.73741251,0.0326141,0.24212598,0.1369859,0.20653019,5765584993537.0,4404958967802.0,,,,,,,,,,,,,
OCB,2025,,0.03192453,0.56324501,0.73750552,0.03149551,0.15981294,0.05313698,0.07461397,6947583041177.0,3509717944636.0,,,,,,,,,,,,,
OCB,2025,,0.03192453,0.56324501,0.73750552,0.03149551,0.15981294,0.05313698,0.07461397,6765518258874.0,3303302700616.0,,,,,,,,,,,,,
OCB,2026,,0.03520841,0.5555713,0.71240905,0.02998037,0.16073162,0.0498123,0.06747671,8606668671493.0,3173423226768.0,,,,,,,,,,,,,
OCB,2026,,0.03520841,0.5555713,0.71240905,0.02998037,0.16073162,0.0498123,0.06747671,9248846389635.0,4010081114025.0,,,,,,,,,,,,,
PAN,2025,,,,,,,,,,296141519021.0,1.87371544,0.06968016,0.02616672,0.12683244,0.0513305,23840.30642901,497.80683443,1.42405888,68.19914403,0.19131761,0.35178751,9462888295206.0,449839996918.0
PAN,2025,,,,,,,,,,373968532915.0,1.3075132,0.06864217,0.02885746,0.13318932,0.05642618,24107.69368863,642.79096841,1.27552641,47.83825771,0.18746971,0.30201023,14094610978836.0,870156903041.0
PAN,2025,,,,,,,,,,405921470417.0,1.06654063,0.06775352,0.0293755,0.1263816,0.06081864,23506.41286338,722.13044287,1.23796005,40.29742865,0.08906678,0.10659802,13716602098224.0,939495818493.0
PAN,2025,,,,,,,,,,608889078461.0,0.71800418,0.07274761,0.03411467,0.12920727,0.07876366,,,,,0.0868014,0.00798642,16757498726518.0,1161982031561.0
PAN,2025,,,,,,,,,,672664976444.0,0.71800418,0.07274761,0.03411467,0.12920727,0.07876366,24698.71153083,3096.07839662,1.28751656,10.27105775,0.0868014,0.00798642,18010170014142.0,1279355460360.0
PC1,2025,,,,,,,,,,695020247248.0,1.76619682,0.15771906,0.02076309,0.08093822,0.08037248,15602.46534151,154.56870596,1.56385542,157.85860306,0.1713083,1.56917737,9828463180375.0,858759417427.0
PC1,2025,,,,,,,,,,459825388155.0,1.82496985,0.15513028,0.01980877,0.07650577,0.07649369,15857.95417424,396.73049891,1.46298821,58.47798459,-0.04429512,0.50223804,8357602470324.0,1317616649760.0
PC1,2025,,,,,,,,,,36167086850.0,1.81829632,0.15591521,0.02563978,0.09960304,0.08568532,16701.63300453,841.26041246,1.44896011,28.76636014,0.05275678,0.2797383,7693781062664.0,1056976401001.0
PC1,2025,,,,,,,,,,467582890486.0,1.76687645,0.15724784,0.04572401,0.17303946,0.10850149,,,,,0.2969494,0.8580872,10088901620619.0,1526136303321.0
PC1,2025,,,,,,,,,,1041376121606.0,1.76687645,0.15724784,0.04572401,0.17303946,0.10850149,15828.48444066,2532.0039708,1.41832909,8.86649478,0.2969494,0.8580872,13084794921097.0,2057555777734.0
PDR,2025,,,,,,,,,,1865003864267.0,1.07905831,0.16570721,0.00663658,0.01392002,0.00723722,12655.39583676,57.95945743,1.63961683,358.00887241,0.86784111,-0.73292073,3620224205834.0,2524522923638.0
PDR,2025,,,,,,,,,,1137262912956.0,1.04342841,0.17146222,0.00716366,0.01501046,0.00745494,13003.8223633,71.56124459,1.69565528,308.12767618,0.86923355,-0.5985151,1504574748971.0,976517438013.0
PDR,2025,,,,,,,,,,684058609709.0,1.03048798,0.26865269,0.00849185,0.01774347,0.01721892,12127.32177547,87.56574069,1.34819545,186.71685834,5.68864484,-0.49163821,617515216109.0,329786198783.0
PDR,2025,,,,,,,,,,155087685811.0,1.19497597,0.34651267,0.02009802,0.04407323,0.02157276,,,,,0.61249848,1.48765656,821690538691.0,166819956483.0
PDR,2025,,,,,,,,,,515069907619.0,1.19497597,0.34651267,0.02009802,0.04407323,0.02157276,12400.23297923,505.8780948,1.30642707,32.02352536,0.61249848,1.48765656,1324974747132.0,459120543914.0
PHR,2025,,,,,,,,,,477512702229.0,0.4575042,0.16963758,0.08079574,0.12585169,0.06159925,28614.6933425,705.30837563,2.16671901,87.90481177,0.20258075,-0.05747887,1950253482733.0,369631610777.0
PHR,2025,,,,,,,,,,889437710446.0,0.51660246,0.17536314,0.08494033,0.13269189,0.06746705,28124.21649814,671.36709383,2.00894485,84.15664175,0.13777339,0.14724117,1711767583061.0,244936201089.0
PHR,2025,,,,,,,,,,619711048513.0,0.45708937,0.18743731,0.11125818,0.17334052,0.08048101,29723.42845243,1914.66561915,2.16327669,33.58288745,0.30940152,0.70189672,1353609068304.0,193378631441.0
PHR,2025,,,,,,,,,,460049066841.0,0.45613408,0.15066304,0.07917846,0.12314978,0.059077,,,,,0.09910163,0.10442412,1634916531061.0,252574068917.0
PHR,2025,,,,,,,,,,478236651959.0,0.45613408,0.15066304,0.07917846,0.12314978,0.059077,29707.49122023,3529.44267581,2.04325567,17.19818271,0.09910163,0.10442412,1795238521502.0,270429972821.0
PLX,2025,,,,,,,,,,2838904272857.0,1.71122625,0.00597844,0.02547674,0.07570594,0.03875135,20208.27336905,103.11235029,1.79629399,352.04318297,-0.01828242,-0.36281323,169105701481340.0,2783818934829.0
PLX,2025,,,,,,,,,,1449740967084.0,2.09336336,0.00644354,0.02649064,0.08224091,0.04038873,19361.19928389,1056.05393394,1.78449689,32.71613209,-0.03446014,-0.39489459,304171606608893.0,996829876214.0
PLX,2025,,,,,,,,,,2833906727712.0,2.16871937,0.00814474,0.03123224,0.10326258,0.05276894,19827.55291877,471.99283701,2.97061368,124.79002939,0.06182366,-0.1149166,274082359042928.0,2174867665286.0
PLX,2025,,,,,,,,,,2889803702540.0,1.90427388,0.00791494,0.03201412,0.10244274,0.05835855,,,,,0.09104051,-0.08275473,284124014890319.0,2792923367528.0
PLX,2025,,,,,,,,,,2675260283045.0,1.90427388,0.00791494,0.03201412,0.10244274,0.05835855,20254.23715463,2067.6293403,1.96008369,19.20073353,0.09104051,-0.08275473,309985192170389.0,2452639220981.0
PNJ,2025,,,,,,,,,,1029042165645.0,0.4849859,0.07379368,0.13126135,0.18567279,0.16963548,34697.32808001,2004.66868941,2.47857702,42.89985695,-0.02980338,0.03547867,19735646137250.0,1408823973954.0
PNJ,2025,,,,,,,,,,1810691843397.0,0.43313775,0.07896307,0.12354406,0.18130708,0.15436912,35404.54810288,1292.60531053,2.68044658,73.41761575,-0.1511356,0.00192061,34211128942240.0,2424900893712.0
PNJ,2025,,,,,,,,,,1971099177135.0,0.4218376,0.08564953,0.13605999,0.19948488,0.16545441,35471.50747685,1466.25721393,3.58033839,86.61508963,-0.12996061,0.11920036,33481608954953.0,2528886542674.0
PNJ,2025,,,,,,,,,,2112916282946.0,0.51892743,0.10111923,0.15137246,0.2306133,0.18519664,,,,,-0.07526654,0.33829605,38232401184050.0,2670178593096.0
PNJ,2025,,,,,,,,,,2828497462890.0,0.51892743,0.10111923,0.15137246,0.2306133,0.18519664,38893.01928601,8286.96975773,1.79980884,8.44699595,-0.07526654,0.33829605,35410589612616.0,3536750481642.0
POW,2025,,,,,,,,,,1798554042056.0,1.30459689,0.04152904,0.01587741,0.03999007,0.02674022,13819.23375109,190.05746236,1.04926223,76.292716,0.20361449,0.54332175,24560949330329.0,2399637129266.0
POW,2025,,,,,,,,,,2060858298332.0,1.40757418,0.05583481,0.01822267,0.04612139,0.03409458,14023.85482422,257.23744999,1.0125604,55.20191559,0.16283209,0.58691488,28224118055975.0,2858500721992.0
POW,2025,,,,,,,,,,1038363942297.0,1.3514551,0.08084142,0.02291809,0.05811545,0.0505832,14408.22380575,345.57861736,0.9543161,39.78834138,0.21088577,0.42745691,28329357578690.0,1436126945753.0
POW,2025,,,,,,,,,,1111588278970.0,1.38102288,0.09419034,0.02879844,0.07328603,0.05714994,,,,,0.13200536,1.33817728,30305634268649.0,1119878931384.0
POW,2025,,,,,,,,,,2426656979064.0,1.38102288,0.09419034,0.02879844,0.07328603,0.05714994,12277.45182916,870.76166552,1.04256161,14.69977435,0.13200536,1.33817728,34306140471915.0,3231307104772.0
PVD,2025,,,,,,,,,,19553861685.0,0.42936552,0.10408566,0.02971845,0.04428344,0.04254287,28790.83417093,274.78456382,0.7346088,76.96938906,0.43472591,0.14345752,3995471964670.0,-27294629830.0
PVD,2025,,,,,,,,,,-102948793684.0,0.47795612,0.10100738,0.03356113,0.0499553,0.04275983,29704.00717811,430.86539877,0.6884593,47.46261839,0.28319052,0.293003,5431604613820.0,67005319480.0
PVD,2025,,,,,,,,,,584832279876.0,0.56822719,0.11286801,0.03614466,0.05457179,0.04574024,30418.09231872,500.17680952,1.01913031,61.97808337,0.13434291,0.28393781,5804412484923.0,758829279663.0
PVD,2025,,,,,,,,,,697851813973.0,0.65571339,0.11222198,0.04000562,0.06363519,0.05071188,,,,,0.17322563,0.47916146,9289871699307.0,1118957710716.0
PVD,2025,,,,,,,,,,1038634292340.0,0.65571339,0.11222198,0.04000562,0.06363519,0.05071188,30273.56030958,1867.05329741,1.0372087,16.81794518,0.17322563,0.47916146,10920980420430.0,1222881665712.0
PVT,2025,,,,,,,,,,659756734568.0,0.83291948,0.15774433,0.05682964,0.1421505,0.09959287,22287.21551184,604.07991651,0.81212478,29.96292296,0.20340589,0.12039862,7460234126265.0,949977655594.0
PVT,2025,,,,,,,,,,857338779296.0,0.93804049,0.13201528,0.05458165,0.13840458,0.08929796,17358.81896053,627.28764853,1.01677424,28.13701185,0.22870559,0.11763397,9047363208116.0,1234502286066.0
PVT,2025,,,,,,,,,,972443846631.0,0.87512145,0.11374205,0.04823214,0.12222138,0.08380123,17739.70902115,560.46233405,1.15559956,36.57694506,0.31915739,-0.15311466,9555979392223.0,1415083746609.0
PVT,2025,,,,,,,,,,1093233969561.0,0.94153951,0.11265444,0.04922226,0.1266183,0.08698604,,,,,0.36486633,-0.11495751,11732148061983.0,1938413905408.0
PVT,2025,,,,,,,,,,1037772781983.0,0.94153951,0.11265444,0.04922226,0.1266183,0.08698604,18455.91856649,2208.35029615,1.25434017,10.48293835,0.36486633,-0.11495751,16012813858007.0,1803914526608.0
REE,2025,,,,,,,,,,1855079628131.0,0.58817884,0.30625332,0.05913042,0.11422744,0.08548384,41412.05226239,1298.06071071,1.61305698,51.46138347,0.07165621,0.19284242,5815207697974.0,1854495913044.0
REE,2025,,,,,,,,,,2692516590418.0,0.57599223,0.31907353,0.06558486,0.12546134,0.09201803,36280.0533082,1150.04734679,1.79437443,56.6063651,0.11202333,0.46541264,9377949892489.0,3663251018913.0
REE,2025,,,,,,,,,,2188316658468.0,0.58352877,0.32551277,0.0696639,0.13201029,0.09601942,37526.30044354,1244.74656849,1.65483939,49.88967359,0.16716994,0.5233709,8579347840237.0,2954322664069.0
REE,2025,,,,,,,,,,1993385852649.0,0.61614704,0.29969781,0.06617527,0.12694443,0.089792,,,,,0.19418049,0.30961036,8394604176003.0,2428287722880.0
REE,2025,,,,,,,,,,2529125816261.0,0.61614704,0.29969781,0.06617527,0.12694443,0.089792,38670.32289513,4669.22886256,1.61105456,13.34267431,0.19418049,0.30961036,10025550895018.0,3000457880790.0
SAB,2025,,,,,,,,,,3677252341304.0,0.45126709,0.14183738,0.12522647,0.17447133,0.16357821,16665.53363889,941.4720842,2.7271854,48.27546219,-0.06368851,-0.04286522,26578007393513.0,3510479926712.0
SAB,2025,,,,,,,,,,5223851427095.0,0.27883755,0.14758669,0.13354794,0.18932068,0.16368468,17692.60139241,1060.79921228,2.84299628,47.41707895,-0.11049297,-0.0244852,35235899123781.0,5497972993477.0
SAB,2025,,,,,,,,,,4117605068688.0,0.41728764,0.16589154,0.13397204,0.19910203,0.17464824,,,,,-0.18775561,0.00081581,30706760090689.0,3811443044719.0
SAB,2025,,,,,,,,,,4330113031371.0,0.41728764,0.16589154,0.13397204,0.19910203,0.17464824,16492.59673599,3448.98612271,2.84976349,13.62719313,-0.18775561,0.00081581,32164260254074.0,4437226222833.0
SAB,2026,,,,,,,,,,4423539822535.0,0.27582807,0.17853478,0.15047328,0.22008557,0.19516548,17384.72205153,923.80554952,2.70352323,50.87650753,-0.13000127,0.15110788,26249006889260.0,4294632063801.0
SBT,2025,,,,,,,,,,821429706768.0,2.16813853,0.05798247,0.02485328,0.08198856,0.07156962,12301.71392717,259.13123377,2.01597925,95.7044029,0.18161643,0.22461128,16691564588849.0,1093333291055.0
SBT,2025,,,,,,,,,,739332919892.0,2.0075328,0.05341973,0.02535225,0.0817735,0.06045352,12523.723012,192.14491944,2.02815089,132.19188972,-0.01814617,0.04802868,21305117632202.0,1091049646530.0
SBT,2025,,,,,,,,,,564918085016.0,1.92775617,0.04507852,0.02365409,0.07507532,0.04625158,12736.94811092,240.48096439,1.87643066,99.38416565,-0.08292348,-0.0341229,25969056090418.0,1619156961272.0
SBT,2025,,,,,,,,,,834240984088.0,1.93998601,0.03574202,0.02116543,0.06793112,0.03394074,,,,,-0.12557974,-0.1611248,30043509412293.0,1808502794848.0
SBT,2025,,,,,,,,,,739288736135.0,1.93998601,0.03574202,0.02116543,0.06793112,0.03394074,12747.04232886,843.24006404,1.6082162,24.31098909,-0.12557974,-0.1611248,26298028472951.0,937455845535.0
SCS,2025,,,,,,,,,,563589041087.0,0.3989997,0.71139361,0.38471912,0.48093859,0.51244676,13262.78158462,1852.17105832,4.16956275,29.85685353,0.3195242,0.26393861,839105841236.0,573534811599.0
SCS,2025,,,,,,,,,,646146569882.0,0.19135758,0.71625531,0.38464428,0.48580312,0.52585335,15260.77596585,1998.17118897,3.55158873,27.12480307,0.23582975,0.21707711,851017793356.0,641088486870.0
SCS,2025,,,,,,,,,,498307307104.0,0.38690826,0.72699531,0.36967419,0.50620098,0.52686908,,,,,0.15407864,0.20052226,704825146895.0,483636029504.0
SCS,2025,,,,,,,,,,692827863783.0,0.38690826,0.72699531,0.36967419,0.50620098,0.52686908,14594.46262435,7357.85372019,3.61095858,7.16241475,0.15407864,0.20052226,1036882045512.0,729678600559.0
SCS,2026,,,,,,,,,,751067501754.0,0.20200978,0.72060516,0.36858275,0.47508456,0.46808206,16292.12184112,1697.65921678,3.23469223,31.04274373,0.10258353,0.13951926,1196643419789.0,869954159086.0
SHB,2025,,0.02872221,0.59166584,0.8107023,0.03155522,0.30286978,0.19315729,0.13384369,15570349000000.0,5007161000000.0,,,,,,,,,,,,,
SHB,2025,,0.02799023,0.58631704,0.8127531,0.03644922,0.29249955,0.22299944,0.36126761,15570349000000.0,5007161000000.0,,,,,,,,,,,,,
SHB,2025,,0.03057702,0.56909606,0.80828867,0.03760046,0.26611406,0.19718071,0.56130762,17550084000000.0,7728918000000.0,,,,,,,,,,,,,
SHB,2025,,0.02370768,0.72019838,0.80590073,0.02665027,0.18235343,0.1445359,-0.04790864,19285353000000.0,7324758000000.0,,,,,,,,,,,,,
SHB,2025,,0.02370768,0.72019838,0.80590073,0.02665027,0.18235343,0.1445359,-0.04790864,21232119000000.0,9321949000000.0,,,,,,,,,,,,,
SIP,2025,,,,,,,,,,835405827890.0,3.96858479,0.13045581,0.05154539,0.29720247,0.10685548,22282.0748953,1669.26826853,2.92611888,39.05903037,0.11407461,0.26353204,5581404874852.0,673918642442.0
SIP,2025,,,,,,,,,,977156410577.0,4.22828501,0.13264374,0.0496153,0.2855883,0.10083679,22361.81145893,1351.74298292,2.51768512,41.64992954,0.09986327,0.24967926,6036955711412.0,794010809196.0
SIP,2025,,,,,,,,,,926896516175.0,3.98715633,0.13326357,0.04923682,0.28178835,0.09958242,20956.0829282,1510.99170194,2.79632411,38.78247639,0.09427312,0.1801014,6679456563258.0,821717994194.0
SIP,2025,,,,,,,,,,1170162799820.0,3.93124688,0.1362504,0.04924782,0.27872445,0.10616443,,,,,0.10191682,0.16973776,7804642332029.0,984977146675.0
SIP,2025,,,,,,,,,,1322871907067.0,3.93124688,0.1362504,0.04924782,0.27872445,0.10616443,21281.9826344,5238.28172618,2.83338263,11.51140835,0.10191682,0.16973776,8598287199387.0,1171239252504.0
SJS,2025,,,,,,,,,,64778233441.0,1.50178517,0.60452601,0.04371844,0.11406948,0.09949327,27523.16637565,904.45165227,2.33258046,70.9822353,0.24454906,0.50443339,747035784394.0,150013085336.0
SJS,2025,,,,,,,,,,119686330323.0,1.47034664,0.61210161,0.03779429,0.09626689,0.08411016,10902.36870168,9.68549427,4.76960571,5368.85351954,0.16571131,0.27898905,379810850969.0,9111769956.0
SJS,2025,,,,,,,,,,185337121512.0,1.29177342,0.59451862,0.04526927,0.11118933,0.09190595,,,,,0.16402186,0.25863749,416023571847.0,138317699635.0
SJS,2025,,,,,,,,,,268508051562.0,1.29177342,0.59451862,0.04526927,0.11118933,0.09190595,11532.06879112,1214.62739159,5.11616789,48.57456732,0.16402186,0.25863749,646014829304.0,366676310071.0
SJS,2026,,,,,,,,,,361321074397.0,1.2097011,0.63530181,0.05897279,0.13975275,0.11113375,12132.81905756,590.40043516,4.86284348,99.93217567,0.37707541,0.53629537,750725677535.0,452410908343.0
SSB,2025,,0.01837459,0.81808816,0.82745195,0.03491575,0.17782809,0.03673957,0.4146299,5186093000000.0,2606518000000.0,,,,,,,,,,,,,
SSB,2025,,0.01954662,0.73582494,0.76247379,0.0312868,0.18643236,0.11505081,0.17931554,5186093000000.0,2606518000000.0,,,,,,,,,,,,,
SSB,2025,,0.01951521,0.7187642,0.77408434,0.02783607,0.18758491,0.15626883,-0.0079779,7005927000000.0,4052928000000.0,,,,,,,,,,,,,
SSB,2025,,0.02056161,0.67021811,0.77191188,0.0273483,0.13445319,0.13953795,-0.0263461,7070719000000.0,3676955000000.0,,,,,,,,,,,,,
SSB,2025,,0.02056161,0.67021811,0.77191188,0.0273483,0.13445319,0.13953795,-0.0263461,9966410000000.0,4816026000000.0,,,,,,,,,,,,,
SSI,2025,,,,,,,,,,2695913941251.0,2.21557519,0.58917095,0.03846185,0.11383065,0.05844758,14424.80632703,491.17200497,2.49570075,73.29407954,0.13709913,0.0736438,7443181911513.0,4023609794697.0
SSI,2025,,,,,,,,,,1699319896223.0,2.22221552,0.5806271,0.04244287,0.13060122,0.06371447,14977.56805005,709.91069756,2.0797769,43.87875842,0.38242587,0.27573659,6335823057960.0,3334598234550.0
SSI,2025,,,,,,,,,,2292781385416.0,1.93298339,0.58488413,0.04901118,0.14011052,0.07606461,,,,,0.5160409,0.43443899,7157692593506.0,4361420014508.0
SSI,2025,,,,,,,,,,2704221369052.0,1.93298339,0.58488413,0.04901118,0.14011052,0.07606461,15369.38128543,1976.07105375,1.80228465,14.01771457,0.5160409,0.43443899,8529279575474.0,4939568329540.0
SSI,2026,,,,,,,,,,4106090416749.0,1.34731493,0.59606493,0.04780726,0.1385531,0.07393768,15859.16923666,512.58086981,1.74662365,54.04025322,0.6005086,0.54315689,12930736690184.0,7562982720704.0
STB,2025,,0.02507547,0.74669868,0.83850452,0.03512092,0.12520893,0.09789078,0.14682636,11964487000000.0,3411496000000.0,,,,,,,,,,,,,
STB,2025,,0.02461492,0.75439389,0.81838154,0.03460146,0.1361708,0.13680356,0.14903331,11964487000000.0,3411496000000.0,,,,,,,,,,,,,
STB,2025,,0.02749796,0.93263212,0.80353286,0.0349205,0.14497106,0.13124188,0.13946038,17147134000000.0,5040695000000.0,,,,,,,,,,,,,
STB,2025,,0.06407607,0.49969021,0.77365688,0.03212029,0.14306471,0.09077705,0.08759769,22072333000000.0,7718616000000.0,,,,,,,,,,,,,
STB,2025,,0.06407607,0.49969021,0.77365688,0.03212029,0.14306471,0.09077705,0.08759769,24531698000000.0,10087495000000.0,,,,,,,,,,,,,
SZC,2025,,,,,,,,,,323628766758.0,1.61539767,0.4074059,0.04368198,0.11405267,0.0712489,17340.81518586,527.4170539,1.87419101,61.62106394,0.08880342,0.28776956,713222295725.0,386280361862.0
SZC,2025,,,,,,,,,,197366644761.0,1.60985136,0.4042716,0.03893473,0.10073558,0.06332843,17456.49754744,115.68236158,1.78730011,269.70403762,0.05422096,0.12996892,858888563926.0,259606901640.0
SZC,2025,,,,,,,,,,218873291512.0,1.55128187,0.43134356,0.04205584,0.10931404,0.07371431,,,,,0.26101762,0.18333327,817957115033.0,295320667359.0
SZC,2025,,,,,,,,,,298603053891.0,1.55128187,0.43134356,0.04205584,0.10931404,0.07371431,17795.22274222,1815.70102248,1.55659754,15.25581561,0.26101762,0.18333327,872690974636.0,369413260029.0
SZC,2026,,,,,,,,,,344800515481.0,1.58785075,0.43618387,0.02867265,0.07428636,0.05099746,17890.4884648,95.26572259,1.54830876,290.76565261,-0.26647495,-0.31379946,1097974108948.0,473591982753.0
TCB,2025,,0.01257227,1.06504154,0.87795173,0.0376706,0.19853903,0.13119697,0.06472858,26698613000000.0,18052250000000.0,,,,,,,,,,,,,
TCB,2025,,0.01162898,1.19244733,0.88097131,0.0366206,0.22357653,0.20230753,0.04247646,30289775000000.0,20150377000000.0,,,,,,,,,,,,,
TCB,2025,,0.01068029,1.28054377,0.8368625,0.0373785,0.21404289,0.16033073,0.07455026,27691120000000.0,18003802000000.0,,,,,,,,,,,,,
TCB,2025,,0.01068029,1.28054377,0.8368625,0.0373785,0.21404289,0.16033073,0.07455026,35507963000000.0,21522928000000.0,,,,,,,,,,,,,
TCB,2026,,0.01091219,1.29393204,0.88097388,0.03663834,0.19939524,0.12834342,0.11491082,38155091000000.0,25290230000000.0,,,,,,,,,,,,,
TCH,2025,,,,,,,,,,477371142384.0,0.13810247,0.29679023,0.05596088,0.09093045,0.08649917,14589.98460106,280.86656529,1.68608814,87.58607481,0.22714226,-0.07269337,2224455609073.0,568334483682.0
TCH,2025,,,,,,,,,,178710335774.0,0.19475056,0.27761578,0.0496893,0.07954699,0.07476632,13829.86391615,56.67771317,1.60522187,391.68835082,-0.01991309,-0.25034121,2694418332456.0,374213825499.0
TCH,2025,,,,,,,,,,594424522186.0,0.35091696,0.25953012,0.03556535,0.05733043,0.05239296,13099.79153192,46.29368146,1.17940808,333.73884973,-0.42401421,-0.47537588,2735937164982.0,766323831086.0
TCH,2025,,,,,,,,,,979654536338.0,0.48002139,0.1760434,0.01744984,0.03031343,0.02072401,,,,,-0.64767594,-0.68880068,5427392897620.0,1689492335803.0
TCH,2025,,,,,,,,,,318192023116.0,0.48002139,0.1760434,0.01744984,0.03031343,0.02072401,12533.5426518,348.85298245,1.39625328,50.16439842,-0.64767594,-0.68880068,1912201092403.0,336630385450.0
TPB,2025,,0.02274818,0.57056146,0.83393175,0.03466237,0.30759138,0.22159971,-0.01923866,9946049000000.0,4829179000000.0,,,,,,,,,,,,,
TPB,2025,,0.02049091,0.62716573,0.82142964,0.03274475,0.33562371,0.2159991,-0.06206518,11386597000000.0,6260744000000.0,,,,,,,,,,,,,
TPB,2025,,0.02226039,0.61223565,0.78408022,0.03144349,0.26108588,0.1575688,-0.0717689,12427828000000.0,4463325000000.0,,,,,,,,,,,,,
TPB,2025,,0.012877,0.92184971,0.74210938,0.03009542,0.22224473,0.14927347,0.03598957,12906656000000.0,6071634000000.0,,,,,,,,,,,,,
TPB,2025,,0.012877,0.92184971,0.74210938,0.03009542,0.22224473,0.14927347,0.03598957,13371161000000.0,7402000000000.0,,,,,,,,,,,,,
VCB,2025,,0.01025349,2.16113683,0.83340537,0.0276884,0.16049798,0.12008068,0.02839191,42272572000000.0,21996601000000.0,,,,,,,,,,,,,
VCB,2025,,0.01001172,2.13836388,0.82806539,0.02678688,0.14062488,0.15421677,0.03529588,42272572000000.0,21996601000000.0,,,,,,,,,,,,,
VCB,2025,,0.01033645,2.01857095,0.82793943,0.02589994,0.16825103,0.12719346,0.03646286,53246478000000.0,29899014000000.0,,,,,,,,,,,,,
VCB,2025,,0.00577795,2.58291917,0.82339748,0.02628985,0.16257526,0.10422768,0.06074597,53614431000000.0,33101027000000.0,,,,,,,,,,,,,
VCB,2025,,0.00577795,2.58291917,0.82339748,0.02628985,0.16257526,0.10422768,0.06074597,55405735000000.0,33831386000000.0,,,,,,,,,,,,,
VCG,2025,,,,,,,,,,394288913855.0,1.57308385,0.08668023,0.020332,0.07356092,0.04797402,13684.81055497,213.77459908,1.85607246,118.81673552,-0.04280363,-0.03582178,5750687627777.0,655211170928.0
VCG,2025,,,,,,,,,,782276450772.0,1.64552129,0.08800003,0.02640973,0.09533417,0.05620079,13350.52604943,465.98113155,1.973705,56.54735399,0.23678098,0.21881434,8452904869730.0,636758749050.0
VCG,2025,,,,,,,,,,403504757243.0,1.36567684,0.09081413,0.13613552,0.44299051,0.0748711,17438.82821953,5076.98912087,1.09812424,3.77192063,0.35338506,3.21007223,12709754496075.0,1167251892989.0
VCG,2025,,,,,,,,,,926542191578.0,1.50508111,0.09927039,0.12074928,0.37599017,0.07231477,,,,,0.24871048,2.55283112,12870215463529.0,1543139904842.0
VCG,2025,,,,,,,,,,3665305325137.0,1.50508111,0.09927039,0.12074928,0.37599017,0.07231477,17402.16050704,5669.73681622,1.31592856,4.03898818,0.24871048,2.55283112,16071172929626.0,1595391561366.0
VCI,2025,,,,,,,,,,1498718375328.0,0.76040386,0.44680982,0.03940288,0.07831676,0.07594255,17322.19016005,256.09520966,2.46793273,166.93010407,0.24711084,0.16625717,3707068724492.0,2193076673679.0
VCI,2025,,,,,,,,,,868978185802.0,1.34551028,0.45764962,0.04384781,0.08827423,0.0774413,17533.85628421,581.59535818,1.98473168,59.83541566,0.2714455,0.3590797,3156242736345.0,1680944080725.0
VCI,2025,,,,,,,,,,491904659394.0,0.99922663,0.49081003,0.04287532,0.08670581,0.07798356,,,,,0.34763019,0.4956064,2472460543397.0,1286475242847.0
VCI,2025,,,,,,,,,,910692113293.0,0.99922663,0.49081003,0.04287532,0.08670581,0.07798356,21185.62115039,1578.58429274,1.2744493,17.10393301,0.34763019,0.4956064,3695525335470.0,1833422557978.0
VCI,2026,,,,,,,,,,1341954507258.0,1.14195215,0.48024432,0.04451035,0.09185008,0.07933501,20373.39936745,400.81152934,1.32525748,67.3633317,0.48009418,0.37889831,4980201525108.0,2444332841702.0
VGC,2025,,,,,,,,,,1223652102467.0,1.3378455,0.16147706,0.05045872,0.14603167,0.11165347,19172.81061745,715.18751187,2.73303696,73.26749857,-0.0717124,-0.0153234,11211146418311.0,1452156512679.0
VGC,2025,,,,,,,,,,1728187379363.0,1.34151918,0.18877504,0.06086832,0.17485843,0.13579664,20046.34609199,977.21339504,2.59398894,53.21253297,0.06728337,0.90718016,14607943556288.0,2389982970071.0
VGC,2025,,,,,,,,,,1218120252933.0,1.35663945,0.16613843,0.05549046,0.15800313,0.12315019,20261.40183432,205.72366126,2.2209717,218.7400308,0.16537771,1.21377217,13342467325243.0,1950731782925.0
VGC,2025,,,,,,,,,,1104734866668.0,1.2847532,0.1722897,0.05474566,0.16528622,0.12473054,,,,,0.11828992,0.35055146,12051482639966.0,1910974984551.0
VGC,2025,,,,,,,,,,1403242274945.0,1.2847532,0.1722897,0.05474566,0.16528622,0.12473054,19268.1029163,3129.7920708,2.27578191,14.0105154,0.11828992,0.35055146,13513943161664.0,2293995587952.0
VHC,2025,,,,,,,,,,1098959364238.0,0.31776504,0.12074007,0.11484822,0.16251285,0.12302431,41654.25110036,2293.41732841,1.34920203,24.50491644,0.10380438,0.84188052,9060328594014.0,1199204454981.0
VHC,2025,,,,,,,,,,1975232341240.0,0.32819517,0.12046319,0.12141013,0.16999757,0.12495044,43584.98513769,1929.12324283,1.56475905,35.3528476,0.06564936,0.67601261,13463916114123.0,2254447601475.0
VHC,2025,,,,,,,,,,919191032965.0,0.33483896,0.12272429,0.11061854,0.15511801,0.12227339,,,,,-0.03931142,0.17837927,10075768816568.0,968874671097.0
VHC,2025,,,,,,,,,,1226204938195.0,0.33483896,0.12272429,0.11061854,0.15511801,0.12227339,42819.56729109,6318.76288142,1.45727769,9.87535079,-0.03931142,0.17837927,12567803303224.0,1240762779496.0
VHM,2025,,,,,,,,,,38824562000000.0,1.51348966,0.2438148,0.06270131,0.16795247,0.08353661,49988.79951658,654.65894339,1.84241272,140.68394074,0.3351281,0.46256133,84985606000000.0,42401962000000.0
VHM,2025,,,,,,,,,,28830869000000.0,1.85346613,0.22708606,0.05244746,0.14751277,0.07120057,51882.8680931,1827.92425011,2.00451524,56.89513665,0.2877711,0.3668842,62392603000000.0,25620620000000.0
VHM,2025,,,,,,,,,,33371406000000.0,2.27018943,0.19913256,0.04166818,0.12662946,0.04931312,52904.14450754,1018.62900532,2.02252585,105.04315059,0.06232305,0.33281403,103556722000000.0,27950872000000.0
VHM,2025,,,,,,,,,,31801258000000.0,2.16133407,0.24959026,0.06197218,0.19012415,0.10145295,,,,,0.49790999,0.29284107,102323186000000.0,24582769000000.0
VHM,2025,,,,,,,,,,41895255000000.0,2.16133407,0.24959026,0.06197218,0.19012415,0.10145295,57963.27882375,10199.91542119,2.43602506,13.84325204,0.49790999,0.29284107,153270923000000.0,38254929000000.0
VIB,2025,,0.03793157,0.38612041,0.81528649,0.03414823,0.25237921,0.20531608,-0.10975895,11816147000000.0,6409750000000.0,,,,,,,,,,,,,
VIB,2025,,0.03556976,0.37157204,0.8217392,0.03247156,0.28235398,0.22922597,-0.10417533,14962555000000.0,8468767000000.0,,,,,,,,,,,,,
VIB,2025,,0.03321725,0.39354872,0.86261356,0.03086973,0.25917592,0.20457683,-0.07994496,18484071000000.0,8563053000000.0,,,,,,,,,,,,,
VIB,2025,,0.02967412,0.42866837,0.85334632,0.03105277,0.18471299,0.06611939,-0.03929766,16750412000000.0,7204470000000.0,,,,,,,,,,,,,
VIB,2025,,0.02967412,0.42866837,0.85334632,0.03105277,0.18471299,0.06611939,-0.03929766,16092160000000.0,7285430000000.0,,,,,,,,,,,,,
VIC,2025,,,,,,,,,,-2513883000000.0,4.2286867,0.04680075,0.01379852,0.08016651,0.0094496,37095.1855024,1799.30723674,2.95186555,60.85675518,0.74076532,0.81575334,125780761000000.0,3120338000000.0
VIC,2025,,,,,,,,,,8781861000000.0,5.03833908,0.02587161,0.01586729,0.09643515,0.00671043,37076.87237245,-242.59089653,5.50477931,-841.33412638,0.83215642,0.71830107,101809529000000.0,-10630914000000.0
VIC,2025,,,,,,,,,,2156925000000.0,5.71923488,-0.06429375,0.00957422,0.06204343,-0.01692599,37478.75544353,164.97562,3.74879044,851.64098792,0.50160836,0.63309731,161452751000000.0,-2468686000000.0
VIC,2025,,,,,,,,,,11903028000000.0,6.384187,0.01093575,0.01160984,0.07965895,0.00402,,,,,0.75512245,0.5794157,189090599000000.0,-5901408000000.0
VIC,2025,,,,,,,,,,11349934000000.0,6.384187,0.01093575,0.01160984,0.07965895,0.00402,19045.95426033,1467.63378649,11.13622332,144.51834099,0.75512245,0.5794157,331874704000000.0,3628893000000.0
VIX,2025,,,,,,,,,,735746990791.0,0.37624634,0.65954239,0.09908095,0.12411935,0.11639273,11569.99043364,849.9318208,3.37943235,46.00368999,1.88854706,2.0054882,1569548466899.0,953422832753.0
VIX,2025,,,,,,,,,,311985383871.0,0.56359537,0.8159914,0.17622828,0.24083045,0.19560095,13169.42597734,1599.4355437,1.87555631,15.44294804,3.11329344,4.72559821,1187448693563.0,406655470587.0
VIX,2025,,,,,,,,,,966423461479.0,0.59251571,0.85763842,0.20121565,0.28853833,0.23373995,,,,,3.50490563,7.2404585,1623956099064.0,1191740099295.0
VIX,2025,,,,,,,,,,663319958731.0,0.59251571,0.85763842,0.20121565,0.28853833,0.23373995,14009.6282997,3532.66076794,1.18489939,4.69900766,3.50490563,7.2404585,1837806618366.0,885989153160.0
VIX,2026,,,,,,,,,,5410022178202.0,0.3707233,0.77067128,0.1729911,0.25581726,0.20122677,14099.98194426,90.35364456,1.17730647,183.72252808,2.64397392,4.94176216,8279145384688.0,7100513154276.0
VJC,2025,,,,,,,,,,74584907230.0,4.54019758,0.05297247,0.01570027,0.0885519,0.05393668,32872.65675703,1182.50327534,3.61090376,100.38027165,0.07083794,0.71576437,12874919725450.0,-3012289881492.0
VJC,2025,,,,,,,,,,-2262499009854.0,3.73119978,0.05981562,0.0184668,0.09910218,0.05694637,40031.40606342,1102.72379177,4.87367343,176.92553789,0.10126722,0.67542044,40141863488029.0,-3464083669446.0
VJC,2025,,,,,,,,,,230590889181.0,3.72026103,0.05673502,0.01516322,0.07775574,0.04967731,41221.67777127,539.67251666,3.9784892,303.88799677,0.02294414,0.03688303,58340618715308.0,-528694163531.0
VJC,2025,,,,,,,,,,1403162979000.0,4.61852478,0.04788273,0.01778365,0.10140804,0.04602519,,,,,0.13946316,0.44316316,72045286343724.0,3160673439297.0
VJC,2025,,,,,,,,,,2122533969007.0,4.61852478,0.04788273,0.01778365,0.10140804,0.04602519,41859.64735744,3587.71687935,4.31202868,50.31054737,0.13946316,0.44316316,82092949674406.0,3930834708555.0
VND,2025,,,,,,,,,,2382923585189.0,1.44085376,0.49122911,0.03248936,0.0764182,0.0501516,12896.18620074,242.07422551,1.70205359,90.67466788,-0.16133071,-0.37453481,6039232650286.0,3414257179125.0
VND,2025,,,,,,,,,,1220279791293.0,1.72656264,0.52355831,0.03894668,0.09656383,0.05832725,13506.47925874,610.293058,1.45115538,32.11571841,0.06285252,-0.14178547,6829223753733.0,2624076097058.0
VND,2025,,,,,,,,,,2022250919978.0,1.46993872,0.5444453,0.04216029,0.09956601,0.0650145,,,,,0.24700285,0.20102474,6561422166429.0,3937100150520.0
VND,2025,,,,,,,,,,1718425030212.0,1.46993872,0.5444453,0.04216029,0.09956601,0.0650145,13731.13696487,1328.30923569,1.17980034,12.19595525,0.24700285,0.20102474,5324944464886.0,2749519475527.0
VND,2026,,,,,,,,,,2022085027284.0,1.23629759,0.54828855,0.04293092,0.10587771,0.06735256,14089.36826037,358.2312955,1.14980315,45.22217965,0.3830467,0.50667219,6640220901429.0,3615237063051.0
VNM,2025,,,,,,,,,,10532477099899.0,0.46225814,0.15830482,0.15799526,0.26625895,0.17890204,16123.40940841,750.48594546,3.90116001,83.81236235,0.00068967,-0.04546715,61012074147764.0,11760318662918.0
VNM,2025,,,,,,,,,,8516023694342.0,0.54909572,0.15501229,0.15371063,0.26549376,0.17685149,15203.36444921,1184.03734583,3.75574763,48.22483024,-0.021772,-0.10967556,60074730223299.0,9753173578758.0
VNM,2025,,,,,,,,,,8873812416864.0,0.4670281,0.15799161,0.1573315,0.26374189,0.18358666,16315.16535873,1209.00498857,4.3272623,58.39512712,0.00266713,-0.08400797,60478912566740.0,9771019375334.0
VNM,2025,,,,,,,,,,9392310356250.0,0.54604724,0.16754759,0.17368175,0.2989064,0.20187408,,,,,0.0301586,0.00433905,61823889921880.0,10404552687331.0
VNM,2025,,,,,,,,,,9410201646692.0,0.54604724,0.16754759,0.17368175,0.2989064,0.20187408,14682.3143911,4502.58481309,4.18190201,13.63661154,0.0301586,0.00433905,63723520008574.0,10663715205138.0
VPB,2025,,0.03513465,0.55054998,1.08433291,0.05376789,0.41816513,0.23130474,0.17386363,34348829000000.0,11721208000000.0,,,,,,,,,,,,,
VPB,2025,,0.03333473,0.55392132,1.07757877,0.05483758,0.35965217,0.29316013,0.1731979,34348829000000.0,11721208000000.0,,,,,,,,,,,,,
VPB,2025,,0.03333473,0.55392132,1.07757877,0.05483758,0.35965217,0.29316013,0.1731979,41021058000000.0,18167968000000.0,,,,,,,,,,,,,
VPB,2026,,0.03581829,0.52797911,1.0717621,0.05188405,0.43118936,0.23597308,0.1966533,38174676000000.0,9973939000000.0,,,,,,,,,,,,,
VPB,2026,,0.03581829,0.52797911,1.0717621,0.05188405,0.43118936,0.23597308,0.1966533,50002402000000.0,15778795000000.0,,,,,,,,,,,,,
VPI,2025,,,,,,,,,,348132041356.0,1.42214281,0.09564174,0.03218609,0.08542222,0.01738361,15621.06413825,439.89050493,3.43126432,121.84850411,0.7712319,0.38590786,2666099233796.0,356719853353.0
VPI,2025,,,,,,,,,,539690100341.0,1.51837647,0.08110888,0.02956511,0.07578741,0.01365561,15633.26337117,12.19923292,3.6268819,4647.83321802,1.91323588,1.56542803,2199424077267.0,800547544060.0
VPI,2025,,,,,,,,,,496225033917.0,1.61837288,0.1052638,0.02862869,0.07301521,0.01296289,16002.30527945,369.19813407,3.3682647,145.99207045,0.22619722,0.86196052,1864841561755.0,938910937872.0
VPI,2025,,,,,,,,,,328474750222.0,1.69033384,0.23949865,0.03020464,0.07729201,0.03542217,,,,,0.0416484,0.52814755,1897330935760.0,175117787266.0
VPI,2025,,,,,,,,,,390644050404.0,1.69033384,0.23949865,0.03020464,0.07729201,0.03542217,16402.26094641,1220.57355634,3.64583884,48.99336028,0.0416484,0.52814755,1976351741138.0,473333569103.0
VPL,2024,,,,,,,,,,4230214000000.0,1.42927284,0.04041646,0.04229946,0.113838,0.01489204,18268.90153169,656.16062839,5.06324914,140.97157921,0.55348919,2.83689891,7174004000000.0,-5992465000000.0
VPL,2025,,,,,,,,,,670652000000.0,1.46684349,0.0110533,-0.00133502,-0.00308296,0.00771737,20030.82194149,94.4019195,4.59292186,974.55645486,,,9265281000000.0,-4086783000000.0
VPL,2025,,,,,,,,,,2549724000000.0,1.37298097,0.18019485,0.01348892,0.03236281,0.06820805,,,,,0.08089419,-0.65416831,14388176000000.0,581033000000.0
VPL,2025,,,,,,,,,,1101566000000.0,1.37298097,0.18019485,0.01348892,0.03236281,0.06820805,20406.4260511,614.26741443,3.99383997,132.67837115,0.08089419,-0.65416831,15556428000000.0,2800065000000.0
VRE,2025,,,,,,,,,,1314510000000.0,0.29806857,0.42584272,0.07736149,0.10110656,0.06953193,18507.10085424,505.57742072,1.5129328,55.38222012,-0.12737235,-0.07136578,5891141000000.0,1757174000000.0
VRE,2025,,,,,,,,,,2776057000000.0,0.31001715,0.44582962,0.07911224,0.10346889,0.06960222,19036.66554679,529.56469255,1.93311165,69.49103767,-0.18528595,-0.02530935,7361437000000.0,3273281000000.0
VRE,2025,,,,,,,,,,4408600000000.0,0.34029879,0.45473595,0.08448818,0.11132872,0.06913658,19627.70733862,591.04222124,1.57939995,52.44972167,-0.0546688,0.19480499,9791335000000.0,4565967000000.0
VRE,2025,,,,,,,,,,4095780000000.0,0.26693045,0.44052298,0.1106546,0.14278192,0.0661202,,,,,-0.0113811,0.57464639,8939117000000.0,3772598000000.0
VRE,2025,,,,,,,,,,6445924000000.0,0.26693045,0.44052298,0.1106546,0.14278192,0.0661202,20769.41808773,2767.89465422,1.38665416,10.40502028,-0.0113811,0.57464639,8837380000000.0,3893069000000.0
VSC,2025,,,,,,,,,,349944708596.0,0.6025834,0.1706765,0.04991958,0.08355813,0.06769589,15854.51082983,269.25715403,1.44123021,84.86311193,0.25152468,0.88586423,1892131002372.0,472949410846.0
VSC,2025,,,,,,,,,,314293593407.0,0.73074642,0.16636069,0.0523748,0.09248736,0.06440963,12459.39684467,310.47778988,1.99849161,80.19897336,0.19540193,0.73314795,2007397494749.0,474144220250.0
VSC,2025,,,,,,,,,,123623359657.0,0.91662507,0.17842954,0.04933686,0.09231449,0.06419989,14328.50494482,211.07454303,1.49003682,101.14909971,0.17771906,0.67397359,2180945411694.0,427489838039.0
VSC,2025,,,,,,,,,,336159900134.0,1.02970388,0.21239108,0.03285282,0.06863822,0.06121921,,,,,0.14978918,0.29977174,2787912700840.0,508060270094.0
VSC,2025,,,,,,,,,,340980036091.0,1.02970388,0.21239108,0.03285282,0.06863822,0.06121921,14463.11998013,910.80937676,1.53493852,24.37392562,0.14978918,0.29977174,3205511845727.0,680822127578.0
VTP,2025,,,,,,,,,,295848096549.0,3.0917564,0.02301122,0.06035586,0.24930203,0.13988656,13477.02111723,569.37128566,8.23624145,194.95187551,0.08261755,0.08980889,21452031608957.0,318849047343.0
VTP,2025,,,,,,,,,,255756262185.0,2.89747072,0.02368792,0.06314473,0.25244196,0.14097231,13762.75807145,796.34573988,8.66832065,149.8093027,0.08306666,0.16175685,21628809150146.0,275188926496.0
VTP,2025,,,,,,,,,,382878067973.0,2.83425589,0.02284204,0.05811318,0.22982164,0.13606293,14354.13579901,700.72396566,7.74689619,158.69301672,0.02387603,0.09185488,19587521805154.0,416983517613.0
VTP,2025,,,,,,,,,,383085841715.0,3.2521401,0.02429557,0.05833274,0.24124787,0.13296557,,,,,-0.00774538,0.06463057,20734671115593.0,451578752999.0
VTP,2025,,,,,,,,,,404894289496.0,3.2521401,0.02429557,0.05833274,0.24124787,0.13296557,14519.34277348,3324.71814504,4.77983068,20.8739499,-0.00774538,0.06463057,20574073291686.0,499858744227.0
